CREATE DATABASE  IF NOT EXISTS `module164_exam_regamey_vienet` /*!40100 DEFAULT CHARACTER SET utf8mb4 COLLATE utf8mb4_0900_ai_ci */ /*!80016 DEFAULT ENCRYPTION='N' */;
USE `module164_exam_regamey_vienet`;
-- MySQL dump 10.13  Distrib 8.0.27, for Win64 (x86_64)
--
-- Host: 127.0.0.1    Database: module164_exam_regamey_vienet
-- ------------------------------------------------------
-- Server version	8.0.27

/*!40101 SET @OLD_CHARACTER_SET_CLIENT=@@CHARACTER_SET_CLIENT */;
/*!40101 SET @OLD_CHARACTER_SET_RESULTS=@@CHARACTER_SET_RESULTS */;
/*!40101 SET @OLD_COLLATION_CONNECTION=@@COLLATION_CONNECTION */;
/*!50503 SET NAMES utf8 */;
/*!40103 SET @OLD_TIME_ZONE=@@TIME_ZONE */;
/*!40103 SET TIME_ZONE='+00:00' */;
/*!40014 SET @OLD_UNIQUE_CHECKS=@@UNIQUE_CHECKS, UNIQUE_CHECKS=0 */;
/*!40014 SET @OLD_FOREIGN_KEY_CHECKS=@@FOREIGN_KEY_CHECKS, FOREIGN_KEY_CHECKS=0 */;
/*!40101 SET @OLD_SQL_MODE=@@SQL_MODE, SQL_MODE='NO_AUTO_VALUE_ON_ZERO' */;
/*!40111 SET @OLD_SQL_NOTES=@@SQL_NOTES, SQL_NOTES=0 */;

--
-- Table structure for table `clients`
--

DROP TABLE IF EXISTS `clients`;
/*!40101 SET @saved_cs_client     = @@character_set_client */;
/*!50503 SET character_set_client = utf8mb4 */;
CREATE TABLE `clients` (
  `id_Client` int NOT NULL AUTO_INCREMENT,
  `nom_Client` varchar(45) NOT NULL,
  `prenom_Client` varchar(45) NOT NULL,
  `superhero` varchar(45) DEFAULT NULL,
  `genre_Client` tinyint(1) NOT NULL,
  `date_naissance_Client` date DEFAULT NULL,
  `ville_Client` varchar(90) NOT NULL,
  `tel_Client` varchar(20) DEFAULT NULL,
  PRIMARY KEY (`id_Client`)
) ENGINE=InnoDB AUTO_INCREMENT=16 DEFAULT CHARSET=utf8mb4 COLLATE=utf8mb4_0900_ai_ci;
/*!40101 SET character_set_client = @saved_cs_client */;

--
-- Dumping data for table `clients`
--

LOCK TABLES `clients` WRITE;
/*!40000 ALTER TABLE `clients` DISABLE KEYS */;
INSERT INTO `clients` VALUES (1,'Kent','Clark','Superman',1,'1938-06-01','Metropolis','092-09-6615'),(2,'Wayne','Bruce','Batman',1,'1915-04-17','Gotham',NULL),(3,'Prince','Diana','Wonder Woman',0,'1941-10-21','Washington D.C','8008876789'),(4,'Hal','Jordan','Green Lantern',1,'1940-07-01','Coast City','567-315-8826'),(5,'Batson','Billy','Shazam',1,'1940-02-01','Philadelphie','479-426-2540'),(6,'Allen','Barry','Flash',1,'1940-01-01','Central City','202-827-8791'),(7,'Queen','Oliver','Green Arrow',1,'1941-11-01','Starling City','866-374-4678'),(8,'Curry','Arthur','Aquaman',1,'1940-11-01','Amnesty Bay','215-968-0917'),(9,'Luthor','Alexander','Lex Luthor',1,'1940-03-01','Metropolis','333-620-9803'),(10,'White','Jack','Joker',1,'1940-03-01','Gotham','310-564-7047'),(11,'Thawne','Eobard','Reverse Flash',1,'1963-09-01','Central City','782-109-7822'),(12,'King','Arthur','Merlyn',1,'1971-11-01','Starling City','635-009-0192'),(13,'Sinestro','Thaal','Sinstro',1,'1961-08-01','Korugar','917-435-1001'),(14,'Hyde','David','Black Manta',1,'1967-09-01','Baltimore','518-836-5219'),(15,'Mighty','Adam','Black Adam',1,'1945-12-01','Egypte','040-893-6211');
/*!40000 ALTER TABLE `clients` ENABLE KEYS */;
UNLOCK TABLES;

--
-- Table structure for table `commandes clients`
--

DROP TABLE IF EXISTS `commandes clients`;
/*!40101 SET @saved_cs_client     = @@character_set_client */;
/*!50503 SET character_set_client = utf8mb4 */;
CREATE TABLE `commandes clients` (
  `id_Commande_Client` int NOT NULL AUTO_INCREMENT,
  `id_Client` int NOT NULL,
  `id_LEGO_Set` int NOT NULL,
  `prix_Commande_Client` decimal(6,2) NOT NULL,
  PRIMARY KEY (`id_Commande_Client`),
  KEY `id_Client` (`id_Client`),
  KEY `id_LEGO_Set` (`id_LEGO_Set`),
  CONSTRAINT `commandes clients_ibfk_1` FOREIGN KEY (`id_Client`) REFERENCES `clients` (`id_Client`),
  CONSTRAINT `commandes clients_ibfk_2` FOREIGN KEY (`id_LEGO_Set`) REFERENCES `lego_sets` (`id_LEGO_Set`)
) ENGINE=InnoDB AUTO_INCREMENT=31 DEFAULT CHARSET=utf8mb4 COLLATE=utf8mb4_0900_ai_ci;
/*!40101 SET character_set_client = @saved_cs_client */;

--
-- Dumping data for table `commandes clients`
--

LOCK TABLES `commandes clients` WRITE;
/*!40000 ALTER TABLE `commandes clients` DISABLE KEYS */;
INSERT INTO `commandes clients` VALUES (1,11,30161,12.85),(2,14,10776,49.99),(3,7,10776,49.99),(4,13,30301,14.99),(5,14,3177,34.90),(6,6,2516,17.91),(7,7,76066,75.60),(8,4,75967,47.88),(9,1,30392,7.99),(10,1,75947,54.49),(11,4,3367,79.42),(12,10,30161,12.85),(13,9,76066,75.60),(14,13,76038,399.99),(15,12,3177,34.90),(16,12,30301,14.99),(17,7,2504,159.90),(18,11,75956,44.99),(19,5,76064,39.99),(20,11,75947,54.49),(21,9,75967,47.88),(22,12,76064,39.99),(23,7,76113,24.99),(24,5,75956,44.99),(25,12,30161,12.85),(26,15,2504,159.90),(27,3,30392,7.99),(28,13,30161,12.85),(29,13,75947,54.49),(30,4,30301,14.99);
/*!40000 ALTER TABLE `commandes clients` ENABLE KEYS */;
UNLOCK TABLES;

--
-- Table structure for table `commandes fournisseurs`
--

DROP TABLE IF EXISTS `commandes fournisseurs`;
/*!40101 SET @saved_cs_client     = @@character_set_client */;
/*!50503 SET character_set_client = utf8mb4 */;
CREATE TABLE `commandes fournisseurs` (
  `id_Commande_Fournisseur` int NOT NULL AUTO_INCREMENT,
  `quantite` int NOT NULL,
  `id_Fournisseur` int NOT NULL,
  `id_LEGO_Set` int NOT NULL,
  PRIMARY KEY (`id_Commande_Fournisseur`),
  KEY `id_Fournisseur` (`id_Fournisseur`),
  KEY `id_LEGO_Set` (`id_LEGO_Set`),
  CONSTRAINT `commandes fournisseurs_ibfk_1` FOREIGN KEY (`id_Fournisseur`) REFERENCES `fournisseurs` (`id_Fournisseur`),
  CONSTRAINT `commandes fournisseurs_ibfk_2` FOREIGN KEY (`id_LEGO_Set`) REFERENCES `lego_sets` (`id_LEGO_Set`)
) ENGINE=InnoDB AUTO_INCREMENT=106 DEFAULT CHARSET=utf8mb4 COLLATE=utf8mb4_0900_ai_ci;
/*!40101 SET character_set_client = @saved_cs_client */;

--
-- Dumping data for table `commandes fournisseurs`
--

LOCK TABLES `commandes fournisseurs` WRITE;
/*!40000 ALTER TABLE `commandes fournisseurs` DISABLE KEYS */;
INSERT INTO `commandes fournisseurs` VALUES (1,1,1,30161),(2,2,1,30161),(3,5,1,30161),(4,3,1,30161),(5,4,1,30161),(6,8,1,30301),(7,8,1,30301),(8,3,1,30301),(9,6,1,30301),(10,3,1,30301),(11,6,1,10776),(12,1,1,10776),(13,10,1,10776),(14,10,1,10776),(15,4,1,10776),(16,2,1,76038),(17,9,1,76038),(18,8,1,76038),(19,2,1,76038),(20,6,1,76038),(21,9,2,76064),(22,6,2,76064),(23,10,2,76064),(24,4,2,76064),(25,8,2,76064),(26,5,2,76066),(27,4,2,76066),(28,5,2,76066),(29,9,2,76066),(30,5,2,76066),(31,7,2,76113),(32,2,2,76113),(33,5,2,76113),(34,5,2,76113),(35,9,2,76113),(36,3,2,3177),(37,3,2,3177),(38,7,2,3177),(39,2,2,3177),(40,4,2,3177),(41,7,3,3180),(42,6,3,3180),(43,8,3,3180),(44,8,3,3180),(45,5,3,3180),(46,10,3,3221),(47,5,3,3221),(48,9,3,3221),(49,3,3,3221),(50,10,3,3221),(51,4,3,3367),(52,6,3,3367),(53,4,3,3367),(54,4,3,3367),(55,7,3,3367),(56,7,3,75956),(57,7,3,75956),(58,9,3,75956),(59,5,3,75956),(60,7,3,75956),(61,3,4,75967),(62,8,4,75967),(63,7,4,75967),(64,1,4,75967),(65,4,4,75967),(66,4,4,30392),(67,8,4,30392),(68,5,4,30392),(69,7,4,30392),(70,5,4,30392),(71,9,4,75947),(72,10,4,75947),(73,9,4,75947),(74,8,4,75947),(75,7,4,75947),(76,8,4,7978),(77,6,4,7978),(78,7,4,7978),(79,10,4,7978),(80,2,4,7978),(81,7,5,7984),(82,9,5,7984),(83,5,5,7984),(84,3,5,7984),(85,7,5,7984),(86,8,5,2254),(87,1,5,2254),(88,10,5,2254),(89,2,5,2254),(90,10,5,2254),(91,2,5,2504),(92,8,5,2504),(93,8,5,2504),(94,8,5,2504),(95,4,5,2504),(96,10,5,2508),(97,2,5,2508),(98,5,5,2508),(99,8,5,2508),(100,4,5,2508),(101,9,5,2516),(102,6,5,2516),(103,3,5,2516),(104,7,5,2516),(105,5,5,2516);
/*!40000 ALTER TABLE `commandes fournisseurs` ENABLE KEYS */;
UNLOCK TABLES;

--
-- Table structure for table `employes`
--

DROP TABLE IF EXISTS `employes`;
/*!40101 SET @saved_cs_client     = @@character_set_client */;
/*!50503 SET character_set_client = utf8mb4 */;
CREATE TABLE `employes` (
  `id_Employe` int NOT NULL AUTO_INCREMENT,
  `nom_Employe` varchar(45) NOT NULL,
  `prenom_Employe` varchar(45) NOT NULL,
  `genre_Employe` tinyint(1) NOT NULL,
  `date_naissance_Employe` date NOT NULL,
  `adresse_Employe` varchar(90) NOT NULL,
  `tel_Employe` varchar(20) DEFAULT NULL,
  `id_Magasin` int NOT NULL,
  PRIMARY KEY (`id_Employe`),
  KEY `id_Magasin` (`id_Magasin`),
  CONSTRAINT `employes_ibfk_1` FOREIGN KEY (`id_Magasin`) REFERENCES `magasins` (`id_Magasin`)
) ENGINE=InnoDB AUTO_INCREMENT=12 DEFAULT CHARSET=utf8mb4 COLLATE=utf8mb4_0900_ai_ci;
/*!40101 SET character_set_client = @saved_cs_client */;

--
-- Dumping data for table `employes`
--

LOCK TABLES `employes` WRITE;
/*!40000 ALTER TABLE `employes` DISABLE KEYS */;
INSERT INTO `employes` VALUES (2,'Christiansen','Ole Kirk',1,'1891-04-07','Billund, Danemark',NULL,1),(3,'Kurosaki','Ichigo',1,'1986-07-15','Karakura, Japon','079 074 74 74',1),(4,'Bolomey','Arthur',1,'1989-10-23','Avenue des Tulipes 32, 1007 Lausanne','021 652 32 25',2),(5,'Trump','Donald',1,'1946-06-14','1600 Pennsylvania Avenue NW, Washington DC 20500','202-456-1111',2),(6,'Ailleboust','Bevis',0,'1962-07-12','Casa Gielgia 2001 Neuchâtel','022 261 54 85',3),(7,'Martineau','Allyriane',0,'1961-04-15','Kronwiesenweg 53 2300 La Chaux-de-Fonds','022 797 64 20',3),(8,'Desaulniers','Gaston',1,'2002-01-01','Höhenweg 89 3186 Heitiwil','021 677 76 39',4),(9,'Voisine','Georgette',0,'1964-11-27','Avenue d\'Ouchy 1441737 Plasselb','026 327 81 77',4),(10,'Chandonnet','Mariette',0,'1957-04-24','AIm Wingert 146 1740 Le Marchet','026 603 31 82',5),(11,'Lagonastre','Julien',1,'1989-06-16','Rue du Sablon 7',NULL,5);
/*!40000 ALTER TABLE `employes` ENABLE KEYS */;
UNLOCK TABLES;

--
-- Table structure for table `fournisseurs`
--

DROP TABLE IF EXISTS `fournisseurs`;
/*!40101 SET @saved_cs_client     = @@character_set_client */;
/*!50503 SET character_set_client = utf8mb4 */;
CREATE TABLE `fournisseurs` (
  `id_Fournisseur` int NOT NULL AUTO_INCREMENT,
  `nom_Fournisseur` varchar(90) NOT NULL,
  `adresse_Fournisseur` varchar(90) NOT NULL,
  `tel_Fournisseur` varchar(20) NOT NULL,
  `email_Fournisseur` varchar(90) DEFAULT NULL,
  `date_creation_Fournisseur` date NOT NULL,
  PRIMARY KEY (`id_Fournisseur`)
) ENGINE=InnoDB AUTO_INCREMENT=6 DEFAULT CHARSET=utf8mb4 COLLATE=utf8mb4_0900_ai_ci;
/*!40101 SET character_set_client = @saved_cs_client */;

--
-- Dumping data for table `fournisseurs`
--

LOCK TABLES `fournisseurs` WRITE;
/*!40000 ALTER TABLE `fournisseurs` DISABLE KEYS */;
INSERT INTO `fournisseurs` VALUES (1,'ToyPro','Pannenweg 109b 6031 RK Nederweert Pays-Bas','+31 495 585 612','info@toypro.com','2012-01-01'),(2,'Briquestore','2 bis rue du prof. Guillaume Louis 37110 Château Renault Fance','+33 9 87 53 87 29',NULL,'2015-01-01'),(3,'BrickOccasion','Rue de Vevey 218 1630 Bulle Suisse','+41 76 513 10 01','info@brickoccasion.ch','2016-09-01'),(4,'King Jouet','Route du Noyer-Girod 4 1163 Etoy Suisse','+41 21 808 87 30','service-consommateurs@king-jouet.com','1988-01-01'),(5,'Choose-a-brick','Polderstraat 1 8450 Bredene Belgique','0468157831',NULL,'2008-01-01');
/*!40000 ALTER TABLE `fournisseurs` ENABLE KEYS */;
UNLOCK TABLES;

--
-- Table structure for table `lego_categories`
--

DROP TABLE IF EXISTS `lego_categories`;
/*!40101 SET @saved_cs_client     = @@character_set_client */;
/*!50503 SET character_set_client = utf8mb4 */;
CREATE TABLE `lego_categories` (
  `id_LEGO_Categorie_Impose` int NOT NULL,
  `nom_LEGO_Categorie` varchar(60) NOT NULL,
  PRIMARY KEY (`id_LEGO_Categorie_Impose`)
) ENGINE=InnoDB DEFAULT CHARSET=utf8mb4 COLLATE=utf8mb4_0900_ai_ci;
/*!40101 SET character_set_client = @saved_cs_client */;

--
-- Dumping data for table `lego_categories`
--

LOCK TABLES `lego_categories` WRITE;
/*!40000 ALTER TABLE `lego_categories` DISABLE KEYS */;
INSERT INTO `lego_categories` VALUES (2339,'Bricks With Bows And Arches'),(2357,'Bricks'),(2412,'Plates'),(2417,'Botanic'),(2419,'Plates, Special Circles And Angles'),(2420,'Plates'),(2423,'Botanic'),(2431,'Plates'),(2432,'Plates, Special'),(2436,'Plates, Special'),(2441,'Wheel Base'),(2444,'Plates, Special'),(2445,'Plates'),(2447,'Figure, Head Clothing'),(2449,'Bricks, With Slope'),(2450,'Plates, Special Circles And Angles'),(2453,'Bricks'),(2454,'Bricks'),(2458,'Bricks, Special Ø4.85 Hole And Connecting Bush'),(2460,'Plates, Special'),(2462,'Bricks, Special Circles And Angles'),(2476,'Plates, Special'),(2488,'Figure, Weapons'),(2489,'Interior'),(2495,'Wheel Base'),(2496,'Tyres And Rims, Special'),(2540,'Plates, Special'),(2555,'Plates, Special'),(2599,'Figure Accessories In Hand'),(2653,'Bricks, Special'),(2654,'Plates, Special Circles And Angles'),(2714,'Connectors'),(2723,'Miscellaneous Elements'),(2780,'Connectors'),(2815,'Tyres And Rims, Special'),(2817,'Plates, Special'),(2877,'Bricks'),(2921,'Bricks, Special'),(2926,'Wheel Base'),(3001,'Bricks'),(3002,'Bricks'),(3003,'Bricks'),(3004,'Bricks'),(3005,'Bricks'),(3008,'Bricks'),(3009,'Bricks'),(3010,'Bricks'),(3020,'Plates'),(3021,'Plates'),(3022,'Plates'),(3023,'Plates'),(3024,'Plates'),(3027,'Plates'),(3028,'Plates'),(3029,'Plates'),(3030,'Plates'),(3031,'Plates'),(3032,'Plates'),(3033,'Plates'),(3034,'Plates'),(3035,'Plates'),(3036,'Plates'),(3037,'Bricks, With Slope'),(3038,'Bricks, With Slope'),(3039,'Bricks, With Slope'),(3040,'Bricks, With Slope'),(3045,'Bricks, With Slope'),(3048,'Bricks, With Slope'),(3049,'Bricks, With Slope'),(3062,'Bricks, Special Circles And Angles'),(3065,'Bricks'),(3068,'Plates'),(3069,'Plates'),(3070,'Plates'),(3176,'Plates, Special'),(3245,'Bricks'),(3297,'Bricks, With Slope'),(3298,'Bricks, With Slope'),(3460,'Plates'),(3622,'Bricks'),(3623,'Plates'),(3626,'Figure, Heads And Masks'),(3633,'Fences And Ladders'),(3648,'Functional Elements, Gear Wheels And Racks'),(3659,'Bricks With Bows And Arches'),(3660,'Bricks, With Slope'),(3665,'Bricks, With Slope'),(3666,'Plates'),(3673,'Connectors'),(3685,'Bricks, With Slope'),(3700,'Bricks, Special Ø4.85 Hole And Connecting Bush'),(3701,'Bricks, Special Ø4.85 Hole And Connecting Bush'),(3702,'Bricks, Special Ø4.85 Hole And Connecting Bush'),(3703,'Bricks, Special Ø4.85 Hole And Connecting Bush'),(3705,'Connectors'),(3706,'Connectors'),(3708,'Connectors'),(3709,'Plates, Special'),(3710,'Plates'),(3737,'Connectors'),(3738,'Plates, Special'),(3747,'Bricks, With Slope'),(3794,'Plates'),(3795,'Plates'),(3821,'Gates And Roofs'),(3822,'Gates And Roofs'),(3830,'Functional Elements'),(3831,'Functional Elements'),(3832,'Plates'),(3836,'Figure Accessories In Hand'),(3837,'Figure Accessories In Hand'),(3839,'Plates, Special'),(3894,'Bricks, Special Ø4.85 Hole And Connecting Bush'),(3895,'Bricks, Special Ø4.85 Hole And Connecting Bush'),(3899,'Figure Accessories In Hand'),(3900,'Figure Accessories In Hand'),(3937,'Functional Elements'),(3938,'Functional Elements'),(3942,'Bricks, Special Circles And Angles'),(3943,'Bricks, Special Circles And Angles'),(3957,'Signs, Flags And Poles'),(3958,'Plates'),(3960,'Plates, Special Circles And Angles'),(3963,'Transportation Means, Aviation'),(4006,'Figure Accessories In Hand'),(4032,'Plates, Special Circles And Angles'),(4070,'Bricks, Special'),(4079,'Interior'),(4081,'Plates, Special'),(4085,'Plates, Special'),(4150,'Plates, Special Circles And Angles'),(4162,'Plates'),(4175,'Decoration Elements'),(4176,'Windscreens And Cockpits'),(4208,'Functional Elements'),(4209,'Functional Elements'),(4274,'Connectors'),(4286,'Bricks, With Slope'),(4287,'Bricks, With Slope'),(4289,'Transportation Means, Ships'),(4332,'Figure Accessories In Hand'),(4345,'Interior'),(4346,'Interior'),(4349,'Figure Accessories In Hand'),(4449,'Figure Accessories In Hand'),(4460,'Bricks, With Slope'),(4477,'Plates'),(4488,'Wheel Base'),(4495,'Signs, Flags And Poles'),(4497,'Figure, Weapons'),(4498,'Figure Accessories, Upper And Lower Body'),(4499,'Figure, Weapons'),(4510,'Plates, Special'),(4522,'Figure Accessories In Hand'),(4528,'Figure Accessories In Hand'),(4533,'Interior'),(4536,'Interior'),(4595,'Plates, Special'),(4599,'Interior'),(4624,'Tyres And Rims For Snap Ø3,2'),(4738,'Interior'),(4739,'Interior'),(4740,'Plates, Special Circles And Angles'),(4865,'Frames, Windows, Walls And Doors'),(4871,'Bricks, With Slope'),(6003,'Plates, Special Circles And Angles'),(6014,'Tyres And Rims For Snap Ø3,2'),(6020,'Fences And Ladders'),(6041,'Transportation Means, Ships'),(6079,'Fences And Ladders'),(6081,'Bricks With Bows And Arches'),(6091,'Bricks With Bows And Arches'),(6106,'Plates, Special Circles And Angles'),(6111,'Bricks'),(6112,'Bricks'),(6126,'Figure Accessories In Hand'),(6133,'Animals And Creatures'),(6134,'Functional Elements'),(6141,'Plates, Special Circles And Angles'),(6143,'Bricks, Special Circles And Angles'),(6157,'Wheel Base'),(6182,'Bricks With Bows And Arches'),(6225,'Plates'),(6227,'Bricks, With Slope'),(6231,'Frames, Windows, Walls And Doors'),(6232,'Bricks, Special Ø4.85 Hole And Connecting Bush'),(6233,'Bricks, Special Circles And Angles'),(6260,'Figure Accessories, Upper And Lower Part'),(6265,'Figure Accessories, Upper And Lower Part'),(6266,'Figure Accessories, Upper And Lower Part'),(6541,'Bricks, Special Ø4.85 Hole And Connecting Bush'),(6558,'Connectors'),(6562,'Connectors'),(6564,'Bricks, Special Circles And Angles'),(6565,'Bricks, Special Circles And Angles'),(6587,'Connectors'),(6589,'Functional Elements, Gear Wheels And Racks'),(6590,'Connectors'),(6632,'Half Beams'),(6636,'Plates'),(10126,'Animals And Creatures'),(10127,'Animals And Creatures'),(10247,'Plates, Special'),(10313,'Wheel Base'),(10314,'Bricks With Bows And Arches'),(10337,'Figure, Heads And Masks'),(10907,'Figure, Head Clothing'),(10928,'Functional Elements, Gear Wheels And Racks'),(11055,'Signs, Flags And Poles'),(11153,'Bricks With Bows And Arches'),(11211,'Bricks, Special'),(11214,'Connectors'),(11215,'Bricks, Special'),(11458,'Plates, Special'),(11476,'Plates, Special'),(11477,'Bricks With Bows And Arches'),(12825,'Plates, Special'),(13564,'Animals And Creatures'),(13670,'Connectors'),(13965,'Bricks With Bows And Arches'),(14395,'Bricks With Bows And Arches'),(14417,'Plates, Special'),(14682,'Transportation Means, Vehicles'),(14704,'Plates, Special'),(14716,'Bricks'),(14718,'Frames, Windows, Walls And Doors'),(14769,'Plates, Special Circles And Angles'),(14918,'Bricks, Special Circles And Angles'),(15068,'Bricks With Bows And Arches'),(15070,'Decoration Elements'),(15207,'Frames, Windows, Walls And Doors'),(15391,'Functional Elements'),(15392,'Functional Elements'),(15395,'Bricks, Special Circles And Angles'),(15397,'Plates'),(15403,'Functional Elements'),(15462,'Connectors'),(15470,'Foodstuff'),(15535,'Plates, Special Circles And Angles'),(15573,'Plates'),(15600,'Figure, Head Clothing'),(15672,'Bricks, With Slope'),(15706,'Plates, Special Circles And Angles'),(15712,'Plates, Special'),(15714,'Frames, Windows, Walls And Doors'),(16091,'Transportation Means, Vehicles'),(17715,'Signs, Flags And Poles'),(17833,'Figure Accessories In Hand'),(18041,'Figure, Weapons'),(18228,'Figure, Wigs'),(18395,'Figure Accessories In Hand'),(18646,'Plates, Special Circles And Angles'),(18649,'Plates, Special'),(18654,'Beams'),(18663,'Functional Elements'),(18674,'Plates, Special Circles And Angles'),(18754,'Figure Accessories In Hand'),(18759,'Bricks, With Slope'),(18863,'Decoration Elements'),(18971,'Frames, Windows, Walls And Doors'),(18980,'Plates, Special Circles And Angles'),(19888,'Textiles'),(19954,'Functional Elements'),(20312,'Animals And Creatures'),(20313,'Animals And Creatures'),(20628,'Figure, Head Clothing'),(20629,'Figure, Head Clothing'),(20945,'Figure Parts'),(20994,'Figure, Heads And Masks'),(21019,'Figure Parts'),(21049,'Figure, Heads And Masks'),(21074,'Figure Parts'),(21135,'Figure, Heads And Masks'),(21137,'Figure Parts'),(21462,'Signs, Flags And Poles'),(21712,'Plates, Special'),(21725,'Figure, Heads And Masks'),(22885,'Bricks, Special'),(22888,'Plates, Special Circles And Angles'),(23187,'Figure, Wigs'),(23893,'Plates'),(23986,'Figure Accessories In Hand'),(24151,'Transportation Means, Vehicles'),(24201,'Bricks With Bows And Arches'),(24326,'Wheel Base'),(24855,'Botanic'),(24866,'Botanic'),(24946,'Foodstuff'),(25313,'Plates, Special Circles And Angles'),(25699,'Signs, Flags And Poles'),(25898,'Figure, Heads And Masks'),(25901,'Figure, Heads And Masks'),(25908,'Figure, Heads And Masks'),(25956,'Figure, Heads And Masks'),(25960,'Figure, Heads And Masks'),(25994,'Foodstuff'),(26047,'Plates, Special'),(26158,'Figure Accessories, Upper And Lower Part'),(26169,'Frames, Windows, Walls And Doors'),(26601,'Plates, Special Circles And Angles'),(26603,'Plates'),(26604,'Bricks, Special'),(26823,'Bricks, With Slope'),(27150,'Figure Accessories In Hand'),(27261,'Decoration Elements'),(27263,'Plates'),(28192,'Bricks, With Slope'),(28618,'Figure Accessories In Hand'),(28624,'Figure Accessories In Hand'),(28626,'Plates, Special Circles And Angles'),(28659,'Decoration Elements'),(28661,'Figure, Head Clothing'),(28684,'Figure Accessories In Hand'),(28701,'Bricks, Special Circles And Angles'),(28802,'Plates, Special'),(28841,'Decoration Elements'),(28921,'Signs, Flags And Poles'),(28961,'Frames, Windows, Walls And Doors'),(28964,'Bricks, Special'),(28973,'Bricks, Special Ø4.85 Hole And Connecting Bush'),(29111,'Animals And Creatures'),(29119,'Bricks With Bows And Arches'),(29120,'Bricks With Bows And Arches'),(29167,'Figure Accessories In Hand'),(29176,'Figure Accessories In Hand'),(29219,'Connectors'),(29336,'Interior'),(29380,'Figure Accessories In Hand'),(30002,'Figure Accessories In Hand'),(30008,'Plates'),(30010,'Frames, Windows, Walls And Doors'),(30028,'Tyres And Rims For Snap Ø3,2'),(30031,'Transportation Means, Vehicles'),(30039,'Plates'),(30043,'Plates, Special'),(30057,'Plates, Special Circles And Angles'),(30068,'Bricks, Special Circles And Angles'),(30070,'Plates'),(30088,'Figure, Weapons'),(30089,'Figure Accessories In Hand'),(30099,'Bricks With Bows And Arches'),(30136,'Bricks'),(30137,'Bricks'),(30150,'Interior'),(30153,'Figure Accessories In Hand'),(30162,'Figure Accessories In Hand'),(30169,'Animals And Creatures'),(30173,'Figure, Weapons'),(30176,'Botanic'),(30237,'Bricks, Special'),(30244,'Plates'),(30350,'Plates, Special'),(30357,'Plates, Special Circles And Angles'),(30361,'Bricks, Special Circles And Angles'),(30363,'Bricks, With Slope'),(30367,'Bricks, Special Circles And Angles'),(30374,'Signs, Flags And Poles'),(30386,'Bricks, Special'),(30387,'Bricks, Special'),(30414,'Bricks, Special'),(30503,'Plates, Special Circles And Angles'),(30504,'Plates, Special Circles And Angles'),(30553,'Connectors'),(30565,'Plates, Special Circles And Angles'),(30592,'Bricks, Special Ø4.85 Hole And Connecting Bush'),(30602,'Decoration Elements'),(30663,'Transportation Means, Vehicles'),(30987,'Frames, Windows, Walls And Doors'),(31493,'Bricks, Special Ø4.85 Hole And Connecting Bush'),(31510,'Miscellaneous Elements'),(31561,'Plates, Special'),(31570,'Plates, Special'),(31584,'Transportation Means, Vehicles'),(31922,'Figure Accessories In Hand'),(32000,'Bricks, Special Ø4.85 Hole And Connecting Bush'),(32001,'Plates, Special'),(32002,'Connectors'),(32013,'Connectors'),(32014,'Connectors'),(32028,'Plates, Special'),(32039,'Connectors'),(32054,'Connectors'),(32062,'Connectors'),(32064,'Bricks, Special Ø4.85 Hole And Connecting Bush'),(32073,'Connectors'),(32123,'Connectors'),(32269,'Functional Elements, Gear Wheels And Racks'),(32270,'Functional Elements, Gear Wheels And Racks'),(32316,'Beams'),(32324,'Bricks, Special Ø4.85 Hole And Connecting Bush'),(32474,'Beams W/ Ball And Ball Cup'),(32524,'Beams'),(32530,'Plates, Special'),(32607,'Botanic'),(32807,'Bricks With Bows And Arches'),(32823,'Figure, Head Clothing'),(32952,'Bricks, Special'),(33057,'Foodstuff'),(33078,'Foodstuff'),(33121,'Animals And Creatures'),(33183,'Foodstuff'),(33243,'Bricks With Bows And Arches'),(33449,'Figure Accessories, Upper And Lower Part'),(33906,'Figure, Heads And Masks'),(33920,'Figure, Heads And Masks'),(34173,'Figure Accessories In Hand'),(34283,'Figure, Wigs'),(34816,'Bricks, Special'),(34823,'Plates, Special Circles And Angles'),(35039,'Animals And Creatures'),(35160,'Windscreens And Cockpits'),(35291,'Frames, Windows, Walls And Doors'),(35294,'Frames, Windows, Walls And Doors'),(35299,'Windscreens And Cockpits'),(35378,'Frames, Windows, Walls And Doors'),(35380,'Plates, Special Circles And Angles'),(35381,'Plates, Special Circles And Angles'),(35386,'Plates'),(35388,'Bricks, Special'),(35390,'Bricks, Special Circles And Angles'),(35391,'Frames, Windows, Walls And Doors'),(35395,'Plates, Special Circles And Angles'),(35480,'Plates, Special Circles And Angles'),(36083,'Figure Accessories In Hand'),(36452,'Figure Accessories, Upper And Lower Body'),(36752,'Figure Accessories In Hand'),(36762,'Figure, Wigs'),(36806,'Figure, Wigs'),(37352,'Bricks With Bows And Arches'),(37364,'Figure Parts'),(37697,'Figure, Wigs'),(37762,'Figure Accessories In Hand'),(37775,'Figure Accessories In Hand'),(37776,'Figure Accessories In Hand'),(37784,'Figure, Wigs'),(38320,'Frames, Windows, Walls And Doors'),(38625,'Electric Parts'),(38628,'Figure Accessories, Upper And Lower Part'),(38630,'Figure Accessories, Upper And Lower Part'),(38823,'Figure, Heads And Masks'),(39223,'Bricks, Special Circles And Angles'),(39341,'Figure, Heads And Masks'),(39435,'Figure, Heads And Masks'),(39445,'Figure, Heads And Masks'),(39528,'Figure, Heads And Masks'),(39616,'Plates'),(39683,'Bricks, Special'),(39759,'Rubbers And Strings'),(39772,'Figure Parts'),(39777,'Figure, Heads And Masks'),(39888,'Connectors'),(39890,'Rubbers And Strings'),(40240,'Figure, Wigs'),(40244,'Tubes'),(40289,'Frames, Windows, Walls And Doors'),(40379,'Animals And Creatures'),(40687,'Plates, Special'),(41005,'Connectors'),(41239,'Beams'),(41531,'Transportation Means, Aviation'),(41532,'Connectors'),(41632,'Plates, Special'),(41751,'Bricks With Special Bows And Angles'),(41769,'Plates, Special Circles And Angles'),(41770,'Plates, Special Circles And Angles'),(41854,'Transportation Means, Vehicles'),(41879,'Figure Parts'),(42003,'Beams, Special'),(42022,'Bricks With Bows And Arches'),(42127,'Connectors'),(42136,'Connectors'),(42608,'Wheel Base'),(42610,'Connectors'),(42798,'Connectors'),(42876,'Foodstuff'),(42923,'Plates, Special'),(42925,'Bricks, Special'),(43093,'Connectors'),(43719,'Plates, Special Circles And Angles'),(43722,'Plates, Special Circles And Angles'),(43723,'Plates, Special Circles And Angles'),(43888,'Bricks, Special Circles And Angles'),(43898,'Plates, Special Circles And Angles'),(43899,'Figure, Weapons'),(44237,'Bricks'),(44567,'Plates, Special'),(44572,'Plates, Special'),(44658,'Figure, Weapons'),(44661,'Transportation Means, Aviation'),(44676,'Signs, Flags And Poles'),(44728,'Plates, Special'),(44842,'Plates, Special'),(44860,'Plates, Special'),(44861,'Plates, Special'),(44873,'Connectors'),(45410,'Bricks With Bows And Arches'),(45411,'Bricks With Bows And Arches'),(45590,'Connectors'),(45598,'Figure, Head Clothing'),(45677,'Transportation Means, Vehicles'),(45848,'Figure, Heads And Masks'),(45854,'Figure, Heads And Masks'),(45936,'Figure, Heads And Masks'),(45958,'Figure, Heads And Masks'),(45962,'Figure Parts'),(46212,'Bricks'),(46361,'Frames, Windows, Walls And Doors'),(46413,'Windscreens And Cockpits'),(46502,'Plates'),(47455,'Bricks, Special'),(47456,'Decoration Elements'),(47457,'Decoration Elements'),(47753,'Bricks With Special Bows And Angles'),(47755,'Transportation Means, Vehicles'),(47759,'Bricks With Slope, Special'),(47904,'Decoration Elements'),(48092,'Bricks, Special Circles And Angles'),(48169,'Bricks, Special'),(48170,'Bricks, Special'),(48267,'Decoration Elements'),(48336,'Plates, Special'),(48723,'Connectors'),(48729,'Connectors'),(49153,'Plates, Special'),(49307,'Bricks With Bows And Arches'),(49546,'Plates, Special'),(49563,'Plates, Special'),(49668,'Decoration Elements'),(50100,'Animals And Creatures'),(50304,'Plates, Special Circles And Angles'),(50305,'Plates, Special Circles And Angles'),(50344,'Bricks, With Slope'),(50745,'Transportation Means, Vehicles'),(50746,'Bricks, With Slope'),(50943,'Transportation Means, Vehicles'),(50947,'Transportation Means, Vehicles'),(50950,'Bricks With Bows And Arches'),(50951,'Tyres And Rims For Snap Ø3,2'),(51270,'Foodstuff'),(51719,'Tyres And Rims For Snap Ø3,2'),(51739,'Plates, Special Circles And Angles'),(52031,'Transportation Means, Vehicles'),(52107,'Bricks, Special'),(52501,'Bricks, With Slope'),(52738,'Plates, Special'),(53127,'Figure, Heads And Masks'),(53146,'Figure, Heads And Masks'),(53153,'Figure, Heads And Masks'),(53540,'Bricks, Special Ø4.85 Hole And Connecting Bush'),(53705,'Figure, Weapons'),(54177,'Body Shells'),(54196,'Plates, Special Circles And Angles'),(54200,'Bricks, With Slope'),(54383,'Plates, Special Circles And Angles'),(54384,'Plates, Special Circles And Angles'),(54782,'Bricks, Special'),(55013,'Connectors'),(55068,'Bricks, With Slope'),(55236,'Figure Accessories, Upper And Lower Part'),(55641,'Figure, Heads And Masks'),(55978,'Tyres And Rims For/To Snap Ø4,85 W. Cross'),(56145,'Tyres And Rims For/To Snap Ø4,85 W. Cross'),(57783,'Windscreens And Cockpits'),(57894,'Frames, Windows, Walls And Doors'),(57909,'Bricks, Special'),(58176,'Figure Accessories In Hand'),(58380,'Gates And Roofs'),(58381,'Gates And Roofs'),(59121,'Interior'),(59349,'Frames, Windows, Walls And Doors'),(59426,'Connectors'),(59443,'Connectors'),(59714,'Figure, Heads And Masks'),(59895,'Tyres And Rims For Snap Ø3,2'),(59900,'Bricks, Special Circles And Angles'),(60032,'Frames, Windows, Walls And Doors'),(60169,'Rubbers And Strings'),(60208,'Transportation Means, Aviation'),(60212,'Transportation Means, Vehicles'),(60219,'Bricks, With Slope'),(60373,'Frames, Windows, Walls And Doors'),(60470,'Plates, Special'),(60474,'Plates, Special Circles And Angles'),(60475,'Bricks, Special'),(60477,'Bricks, With Slope'),(60478,'Plates, Special'),(60479,'Plates'),(60481,'Bricks, With Slope'),(60583,'Bricks, Special'),(60592,'Frames, Windows, Walls And Doors'),(60594,'Frames, Windows, Walls And Doors'),(60596,'Frames, Windows, Walls And Doors'),(60675,'Tubes'),(60752,'Figure, Weapons'),(60779,'Signs, Flags And Poles'),(60803,'Frames, Windows, Walls And Doors'),(60808,'Frames, Windows, Walls And Doors'),(60897,'Plates, Special'),(61184,'Miscellaneous Elements'),(61252,'Plates, Special'),(61409,'Decoration Elements'),(61483,'Wheel Base'),(61485,'Functional Elements'),(61537,'Figure, Weapons'),(61678,'Bricks With Bows And Arches'),(61780,'Interior'),(61975,'Figure, Weapons'),(62462,'Connectors'),(62810,'Figure, Wigs'),(63286,'Plates'),(63864,'Plates'),(63868,'Plates, Special'),(63965,'Signs, Flags And Poles'),(64230,'Tubes'),(64288,'Bricks, Special Circles And Angles'),(64290,'Beams'),(64450,'Transportation Means, Vehicles'),(64567,'Figure, Weapons'),(64644,'Figure Accessories In Hand'),(64647,'Figure, Head Clothing'),(64713,'Miscellaneous Elements'),(64871,'Beams'),(65042,'Figure, Weapons'),(65122,'Functional Elements'),(65458,'Plates, Special'),(65509,'Plates'),(65720,'Plates'),(65886,'Plates, Special'),(66118,'Wheel Base'),(67324,'Plates, Special'),(67638,'Figure Parts'),(67835,'Plates'),(67837,'Figure, Heads And Masks'),(67839,'Figure, Heads And Masks'),(67841,'Figure Parts'),(67886,'Frames, Windows, Walls And Doors'),(68919,'Figure Parts'),(72475,'Windscreens And Cockpits'),(73081,'Transportation Means, Vehicles'),(73200,'Figure Parts'),(73587,'Signs, Flags And Poles'),(73983,'Functional Elements'),(74166,'Plates, Special Circles And Angles'),(74169,'Decoration Elements'),(74214,'Tyres And Rims, Special'),(74610,'Rubbers And Strings'),(74698,'Plates, Special Circles And Angles'),(74967,'Tyres And Rims For Snap Ø3,2'),(75773,'Plates'),(75904,'Figure Accessories In Hand'),(75937,'Plates, Special'),(76116,'Figure Accessories, Upper And Lower Part'),(76382,'Figure Parts'),(76651,'Figure Accessories In Hand'),(78171,'Plates'),(78208,'Figure Parts'),(78209,'Plates'),(78211,'Frames, Windows, Walls And Doors'),(78212,'Frames, Windows, Walls And Doors'),(78215,'Figure, Heads And Masks'),(78220,'Animals And Creatures'),(78221,'Figure, Heads And Masks'),(79194,'Connectors'),(79571,'Animals And Creatures'),(80675,'Figure, Wigs'),(82024,'Bricks, With Slope'),(83484,'Plates'),(85984,'Bricks, With Slope'),(86035,'Figure, Head Clothing'),(86208,'Figure, Weapons'),(86209,'Frames, Windows, Walls And Doors'),(86500,'Bricks, Special Circles And Angles'),(87079,'Plates'),(87081,'Bricks, Special Circles And Angles'),(87083,'Connectors'),(87087,'Bricks, Special'),(87552,'Frames, Windows, Walls And Doors'),(87580,'Plates'),(87601,'Gates And Roofs'),(87609,'Plates, Special'),(87611,'Transportation Means, Aviation'),(87612,'Transportation Means, Aviation'),(87614,'Transportation Means, Aviation'),(87617,'Connectors'),(87620,'Bricks, Special Circles And Angles'),(87697,'Tyres And Rims For Snap Ø3,2'),(87747,'Animals And Creatures'),(87751,'Transportation Means, Ships'),(87754,'Figure, Head Clothing'),(87781,'Figure, Head Clothing'),(87926,'Frames, Windows, Walls And Doors'),(87989,'Figure Accessories In Hand'),(88072,'Plates, Special'),(88283,'Figure, Wigs'),(88490,'Figure, Head Clothing'),(88513,'Animals And Creatures'),(88811,'Figure, Weapons'),(88935,'Figure, Heads And Masks'),(88950,'Figure, Heads And Masks'),(89159,'Figure, Head Clothing'),(89164,'Figure, Heads And Masks'),(89522,'Animals And Creatures'),(90194,'Plates, Special Circles And Angles'),(91673,'Figure, Head Clothing'),(91675,'Figure Accessories, Upper And Lower Body'),(92013,'Bricks, Special'),(92099,'Plates, Special'),(92220,'Figure Accessories, Upper And Lower Part'),(92279,'Windscreens And Cockpits'),(92280,'Plates, Special'),(92290,'Figure, Weapons'),(92338,'Rubbers And Strings'),(92410,'Interior'),(92411,'Plates, Special'),(92438,'Plates'),(92547,'Miscellaneous Elements'),(92580,'Windscreens And Cockpits'),(92582,'Plates, Special'),(92584,'Plates, Special Circles And Angles'),(92593,'Plates'),(92690,'Figure, Weapons'),(92691,'Foodstuff'),(92692,'Plates, Special'),(92746,'Figure, Wigs'),(92842,'Transportation Means, Aviation'),(92946,'Bricks, With Slope'),(92947,'Bricks, Special Circles And Angles'),(92950,'Bricks With Bows And Arches'),(93055,'Figure, Weapons'),(93058,'Figure, Weapons'),(93059,'Figure, Head Clothing'),(93061,'Figure Accessories, Upper And Lower Part'),(93062,'Figure Accessories, Upper And Lower Part'),(93069,'Figure Accessories, Upper And Lower Body'),(93140,'Transportation Means, Vehicles'),(93148,'Figure Accessories, Upper And Lower Part'),(93160,'Foodstuff'),(93165,'Loose Parts'),(93252,'Figure, Weapons'),(93270,'Figure, Heads And Masks'),(93273,'Bricks With Bows And Arches'),(93576,'Transportation Means, Aviation'),(93590,'Transportation Means, Vehicles'),(93604,'Transportation Means, Vehicles'),(93606,'Bricks With Bows And Arches'),(93618,'Figure, Heads And Masks'),(93619,'Figure, Heads And Masks'),(93621,'Figure, Heads And Masks'),(93622,'Figure, Heads And Masks'),(93674,'Frames, Windows, Walls And Doors'),(93746,'Figure Parts'),(93751,'Figure Parts'),(93755,'Figure Parts'),(93761,'Figure Accessories, Upper And Lower Part'),(93763,'Figure Accessories, Upper And Lower Part'),(94303,'Figure Parts'),(94351,'Figure Accessories, Upper And Lower Body'),(94355,'Figure, Heads And Masks'),(94363,'Figure Parts'),(94434,'Figure, Heads And Masks'),(94638,'Frames, Windows, Walls And Doors'),(95120,'Plates, Special'),(95199,'Figure, Weapons'),(95343,'Figure Accessories In Hand'),(95393,'Figure Parts'),(95674,'Figure, Head Clothing'),(96034,'Figure, Head Clothing'),(96044,'Figure, Heads And Masks'),(96121,'Figure Accessories, Upper And Lower Body'),(96718,'Plates'),(96874,'Miscellaneous Elements'),(98011,'Figure, Head Clothing'),(98100,'Bricks, Special Circles And Angles'),(98138,'Plates, Special Circles And Angles'),(98369,'Figure Accessories In Hand'),(98397,'Transportation Means, Vehicles'),(98835,'Transportation Means, Vehicles'),(99206,'Plates, Special'),(99207,'Plates, Special'),(99780,'Plates, Special'),(99781,'Plates, Special');
/*!40000 ALTER TABLE `lego_categories` ENABLE KEYS */;
UNLOCK TABLES;

--
-- Table structure for table `lego_couleurs`
--

DROP TABLE IF EXISTS `lego_couleurs`;
/*!40101 SET @saved_cs_client     = @@character_set_client */;
/*!50503 SET character_set_client = utf8mb4 */;
CREATE TABLE `lego_couleurs` (
  `id_Couleur` int NOT NULL AUTO_INCREMENT,
  `nom_LEGO_Couleur` varchar(45) NOT NULL,
  PRIMARY KEY (`id_Couleur`)
) ENGINE=InnoDB AUTO_INCREMENT=52 DEFAULT CHARSET=utf8mb4 COLLATE=utf8mb4_0900_ai_ci;
/*!40101 SET character_set_client = @saved_cs_client */;

--
-- Dumping data for table `lego_couleurs`
--

LOCK TABLES `lego_couleurs` WRITE;
/*!40000 ALTER TABLE `lego_couleurs` DISABLE KEYS */;
INSERT INTO `lego_couleurs` VALUES (1,'Black'),(2,'Bright Yellow'),(3,'Dark Stone Grey'),(4,'Transparent Brown'),(5,'Transparent Fluorescent Reddish Orange'),(6,'Transparent Red'),(7,'Transparent Yellow'),(8,'Brick Yellow'),(9,'Medium Stone Grey'),(10,'Transparent Blue'),(11,'Transparent Bright Orange'),(12,'Bright Blue'),(13,'Bright Green'),(14,'Bright Orange'),(15,'Bright Purple'),(16,'Bright Red'),(17,'Bright Yellowish Green'),(18,'Flame Yellowish Orange'),(19,'Light Nougat'),(20,'Multicombination'),(21,'Transparent'),(22,'Transparent Light Blue'),(23,'White'),(24,'Cool Yellow'),(25,'Earth Blue'),(26,'Light Royal Blue'),(27,'Medium Blue'),(28,'New Dark Red'),(29,'Sand Yellow'),(30,'Silver Metallic'),(31,'Titanium Metallic'),(32,'Warm Gold'),(33,'Dark Green'),(34,'Medium Lilac'),(35,'Olive Green'),(36,'Reddish Brown'),(37,'Dark Orange'),(38,'Medium Nougat'),(39,'Transparent Bright Green'),(40,'Bright Bluish Green'),(41,'Dark Brown'),(42,'Silver Ink'),(43,'Gold Ink'),(44,'Earth Green'),(45,'Bright Reddish Violet'),(46,'Light Purple'),(47,'Medium Azur'),(48,'Sand Green'),(49,'Transparent Fluorescent Green'),(50,'Transparent Green'),(51,'Cool Silver, Diffuse');
/*!40000 ALTER TABLE `lego_couleurs` ENABLE KEYS */;
UNLOCK TABLES;

--
-- Table structure for table `lego_pieces`
--

DROP TABLE IF EXISTS `lego_pieces`;
/*!40101 SET @saved_cs_client     = @@character_set_client */;
/*!50503 SET character_set_client = utf8mb4 */;
CREATE TABLE `lego_pieces` (
  `id_LEGO_Piece` int NOT NULL,
  `nom_LEGO_Piece` varchar(45) NOT NULL,
  `id_LEGO_Categorie_Impose` int NOT NULL,
  PRIMARY KEY (`id_LEGO_Piece`),
  KEY `id_LEGO_Categorie_Impose` (`id_LEGO_Categorie_Impose`),
  CONSTRAINT `lego_pieces_ibfk_1` FOREIGN KEY (`id_LEGO_Categorie_Impose`) REFERENCES `lego_categories` (`id_LEGO_Categorie_Impose`)
) ENGINE=InnoDB DEFAULT CHARSET=utf8mb4 COLLATE=utf8mb4_0900_ai_ci;
/*!40101 SET character_set_client = @saved_cs_client */;

--
-- Dumping data for table `lego_pieces`
--

LOCK TABLES `lego_pieces` WRITE;
/*!40000 ALTER TABLE `lego_pieces` DISABLE KEYS */;
INSERT INTO `lego_pieces` VALUES (9327,'MINI BODY LOWER PART WH',73200),(9339,'MINI BODY LOWER PART BLACK',73200),(9341,'MINI BODY LOWERPART BLUE',73200),(9553,'CONSOLE W/ST WHEEL YE/BL',73081),(9566,'CONSOLE W/ST.WHEEL B/BLA',73081),(73081,'CONSOLE W/ST.WHEEL BL/BL',73081),(74011,'HINGEPLATE  1X2 UN./OV.BLACK',73983),(74040,'MINI BODY UNDER PART GRE',73200),(74156,'MINI ANTENNA YELL./BLACK',73587),(241221,'RADIATOR GRILLE 1X2',2412),(241226,'RADIATOR GRILLE 1X2',2412),(241926,'CORNER PLATE 3X6',2419),(242021,'CORNER PLATE 1X2X2',2420),(242023,'CORNER PLATE 1X2X2',2420),(242026,'CORNER PLATE 1X2X2',2420),(242328,'LIMB ELEMENT, SMALL',2423),(243101,'FLAT TILE 1X4',2431),(243124,'FLAT TILE 1X4',2431),(243126,'FLAT TILE 1X4',2431),(243128,'FLAT TILE 1X4',2431),(243221,'CLAMP 1X2',2432),(243226,'CLAMP 1X2',2432),(244126,'CHASSIS 4X7',2441),(244426,'TECHNIC BEARING PLATE 2X2',2444),(244501,'PLATE 2X12',2445),(244526,'PLATE 2X12',2445),(246021,'PLATE 2X2 W. VERTICAL SNAP',2460),(249521,'SACK TRUCK',2495),(249626,'WHEEL AXLE Ø8.2/Ø1.9',2496),(265326,'SLIDING PIECE 1X4',2653),(281721,'TECHNIC DOUB. BEARING PL. 2X2',2817),(287726,'PROFILE BRICK 1X2',2877),(292626,'BEARING PLATE 1X4, DOUBLE',2926),(300101,'BRICK 2X4',3001),(300123,'BRICK 2X4',3001),(300124,'BRICK 2X4',3001),(300126,'BRICK 2X4',3001),(300226,'BRICK 2X3',3002),(300301,'BRICK 2X2',3003),(300321,'BRICK 2X2',3003),(300323,'BRICK 2X2',3003),(300328,'BRICK 2X2',3003),(300401,'BRICK 1X2',3004),(300421,'BRICK 1X2',3004),(300423,'BRICK 1X2',3004),(300424,'BRICK 1X2',3004),(300426,'BRICK 1X2',3004),(300501,'BRICK 1X1',3005),(300523,'BRICK 1X1',3005),(300524,'BRICK 1X1',3005),(300526,'BRICK 1X1',3005),(300528,'BRICK 1X1',3005),(300901,'BRICK 1X6',3009),(300921,'BRICK 1X6',3009),(300924,'BRICK 1X6',3009),(300926,'BRICK 1X6',3009),(301001,'BRICK 1X4',3010),(301024,'BRICK 1X4',3010),(301026,'BRICK 1X4',3010),(302001,'PLATE 2X4',3020),(302021,'PLATE 2X4',3020),(302023,'PLATE 2X4',3020),(302024,'PLATE 2X4',3020),(302026,'PLATE 2X4',3020),(302028,'PLATE 2X4',3020),(302121,'PLATE 2X3',3021),(302123,'PLATE 2X3',3021),(302126,'PLATE 2X3',3021),(302201,'PLATE 2X2',3022),(302221,'PLATE 2X2',3022),(302223,'PLATE 2X2',3022),(302224,'PLATE 2X2',3022),(302226,'PLATE 2X2',3022),(302228,'PLATE 2X2',3022),(302301,'PLATE 1X2',3023),(302321,'PLATE 1X2',3023),(302323,'PLATE 1X2',3023),(302324,'PLATE 1X2',3023),(302326,'PLATE 1X2',3023),(302328,'PLATE 1X2',3023),(302421,'PLATE 1X1',3024),(302423,'PLATE 1X1',3024),(302424,'PLATE 1X1',3024),(302426,'PLATE 1X1',3024),(302428,'PLATE 1X1',3024),(302726,'PLATE 6X16',3027),(303226,'PLATE 4X6',3032),(303324,'PLATE 6X10',3033),(303421,'PLATE 2X8',3034),(303426,'PLATE 2X8',3034),(303526,'PLATE 4X8',3035),(303701,'ROOF TILE 2X4/45°',3037),(303901,'ROOF TILE 2X2/45°',3039),(303928,'ROOF TILE 2X2/45°',3039),(304826,'END RIDGED TILE 1X2/45°',3048),(306201,'ROUND BRICK 1X1',3062),(306221,'ROUND BRICK 1X1',3062),(306224,'ROUND BRICK 1X1',3062),(306228,'ROUND BRICK 1X1',3062),(306821,'FLAT TILE 2X2',3068),(306823,'FLAT TILE 2X2',3068),(306824,'FLAT TILE 2X2',3068),(306826,'FLAT TILE 2X2',3068),(306901,'FLAT TILE 1X2',3069),(306921,'FLAT TILE 1X2',3069),(306924,'FLAT TILE 1X2',3069),(346001,'PLATE 1X8',3460),(346021,'PLATE 1X8',3460),(346026,'PLATE 1X8',3460),(362201,'BRICK 1X3',3622),(362226,'BRICK 1X3',3622),(362321,'PLATE 1X3',3623),(362323,'PLATE 1X3',3623),(362324,'PLATE 1X3',3623),(362326,'PLATE 1X3',3623),(365921,'BRICK W. BOW 1X4',3659),(366521,'ROOF TILE 1X2 INV.',3665),(366523,'ROOF TILE 1X2 INV.',3665),(366524,'ROOF TILE 1X2 INV.',3665),(366526,'ROOF TILE 1X2 INV.',3665),(366601,'PLATE 1X6',3666),(366621,'PLATE 1X6',3666),(366623,'PLATE 1X6',3666),(366624,'PLATE 1X6',3666),(366626,'PLATE 1X6',3666),(366628,'PLATE 1X6',3666),(370023,'TECHNIC BRICK 1X2, Ø4.9',3700),(370026,'TECHNIC BRICK 1X2, Ø4.9',3700),(370126,'TECHNIC BRICK 1X4, Ø4,9',3701),(370526,'CROSS AXLE 4M',3705),(370626,'CROSS AXLE 6M',3706),(370826,'CROSS AXLE 12M',3708),(370901,'PLATE 2X4, 3XØ4.9',3709),(370923,'PLATE 2X4, 3XØ4.9',3709),(370926,'PLATE 2X4, 3XØ4.9',3709),(371001,'PLATE 1X4',3710),(371021,'PLATE 1X4',3710),(371024,'PLATE 1X4',3710),(371026,'PLATE 1X4',3710),(371028,'PLATE 1X4',3710),(373726,'CROSS AXLE 10M',3737),(374726,'ROOF TILE 2X3/25° INV.',3747),(379401,'PLATE 1X2 W. 1 KNOB',3794),(379426,'PLATE 1X2 W. 1 KNOB',3794),(379501,'PLATE 2X6',3795),(379521,'PLATE 2X6',3795),(379523,'PLATE 2X6',3795),(379524,'PLATE 2X6',3795),(379526,'PLATE 2X6',3795),(379528,'PLATE 2X6',3795),(383126,'HINGE 1X2 LOWER PART',3831),(383224,'PLATE 2X10',3832),(383226,'PLATE 2X10',3832),(389424,'BRICK 1X6, Ø4,9',3894),(389921,'MUG',3899),(390001,'SIGN - STOP',3900),(393726,'ROCKER BEARING 1X2',3937),(393821,'PLATE 1X2 (ROCKING)',3938),(395726,'WHIP/AERIAL',3957),(400626,'SCREWDRIVER/SPANNER',4006),(403201,'PLATE 2X2 ROUND',4032),(403221,'PLATE 2X2 ROUND',4032),(403223,'PLATE 2X2 ROUND',4032),(403224,'PLATE 2X2 ROUND',4032),(407021,'ANGULAR BRICK 1X1',4070),(407026,'ANGULAR BRICK 1X1',4070),(407901,'SEAT 2X2X2',4079),(407923,'SEAT 2X2X2',4079),(407924,'SEAT 2X2X2',4079),(415021,'FLAT TILE 2X2, ROUND',4150),(415026,'FLAT TILE 2X2, ROUND',4150),(428626,'ROOF TILE 1X3/25°',4286),(428726,'ROOF TILE 1X3/25° INV.',4287),(434926,'MEGAPHONE',4349),(448826,'BEARING ELEMENT 2X2, SINGLE',4488),(449726,'SPEAR',4497),(452226,'HAMMER',4522),(459921,'TAP Ø4.9/6.4',4599),(462401,'RIM NARROW W. HOLE Ø8',4624),(486501,'WALL ELEMENT 1X2X1',4865),(486521,'WALL ELEMENT 1X2X1',4865),(486524,'WALL ELEMENT 1X2X1',4865),(602026,'LATTICE 1X4X6 W. SNAP',6020),(612647,'DRAGONS FIRE',6126),(613421,'PLATE 2X2 (ROCKING)',6134),(614101,'ROUND PLATE 1X1',6141),(614121,'ROUND PLATE 1X1',6141),(614126,'ROUND PLATE 1X1',6141),(614321,'BRICK Ø16 W. CROSS',6143),(614326,'BRICK Ø16 W. CROSS',6143),(615726,'BEARING ELEMENT 2X2 2/3',6157),(654121,'TECHNIC BRICK 1X1',6541),(654124,'TECHNIC BRICK 1X1',6541),(654126,'TECHNIC BRICK 1X1',6541),(663624,'FLAT TILE 1X6',6636),(663626,'FLAT TILE 1X6',6636),(3000240,'CUP WITHOUT WREATH - TR',30002),(3000841,'PLATE 1X1 - TR.',30008),(3003126,'HANDLE W. 3.18 STICK',30031),(3003944,'FLAT TILE 1X1',30039),(3005740,'ROUND PLATE 1X1 - TR.',30057),(3005741,'ROUND PLATE 1X1 - TR.',30057),(3005743,'ROUND PLATE 1X1 - TR.',30057),(3005744,'ROUND PLATE 1X1 - TR.',30057),(3005748,'ROUND PLATE 1X1 - TR.',30057),(3006840,'ROUND BRICK 1 - TR',30068),(3006841,'ROUND BRICK 1 - TR',30068),(3006843,'ROUND BRICK 1 - TR',30068),(3200126,'1PLATE 2X6 W. HOLES',32001),(4106356,'BRICK 2X4',3001),(4106552,'CAMERA',30089),(4107066,'ANGLE ELEMENT, 0 DEGREES [1]',32013),(4107081,'CATCH W. CROSS HOLE',32039),(4107085,'ANGLE ELEMENT, 0 DEGREES [1]',32013),(4107736,'BRICK 1X2',3004),(4107758,'PLATE 1X3',3623),(4107761,'PLATE 1X2 WITH SLIDE',32028),(4107762,'FLAT TILE 2X2',3068),(4109810,'2M CROSS AXLE W. GROOVE',32062),(4109969,'SKORPION',30169),(4109995,'BRICK 1X2',3004),(4111844,'BRICK 1X6',3009),(4113233,'PLATE 1X4',3710),(4113261,'BRICK 1X2X2',3245),(4113915,'BRICK 1X1',3005),(4113917,'PLATE 1X2',3023),(4113954,'DIAMOND WITH STICK',30153),(4113955,'DIAMOND WITH STICK',30153),(4113988,'PLATE 2X8',3034),(4113993,'PLATE 2X6',3795),(4114001,'PLATE 4X6',3032),(4114026,'FLAT TILE 1X2',3069),(4114084,'PLATE 2X2',3022),(4114206,'NINJA SWORD',30173),(4114306,'BRICK 2X2',3003),(4114309,'PLATE 2X4',3020),(4114322,'ROOF TILE 2X2/45°',3039),(4114324,'PLATE 1X8',3460),(4114348,'BAMBOO LEAVES 3X3',30176),(4114505,'DIAMOND WITH STICK',30153),(4116671,'PLATE 4X6',3032),(4117070,'ROUND BRICK 1X1',3062),(4118790,'PLATE 2X3',3021),(4118793,'ANGULAR BRICK 1X1',4070),(4118866,'ROOF TILE 2X2/45° INV.',3660),(4118897,'CATCH W. CROSS HOLE',32039),(4119479,'CARROT TOP',33183),(4119483,'DIAMOND WITH STICK',30153),(4121625,'BRICK 1X2X2',3245),(4121715,'CONNECTOR PEG W. FRICTION',2780),(4121921,'PLATE 1X3',3623),(4121934,'ROOF TILE 1X2/45°',3040),(4121936,'ROOF TILE 1X2/45°',3040),(4121965,'ROOF TILE 1X2/45°',3040),(4121966,'ROOF TILE 1X2/45°',3040),(4121969,'ROOF TILE 1X2/45°',3040),(4121972,'ROOF TILE 1X2/45°',3040),(4124067,'PLATE 1X6',3666),(4124096,'PLATE 2X2 (ROCKING)',6134),(4124455,'BRICK CORNER 1X2X2',2357),(4125220,'BRICK Ø16 W. CROSS',6143),(4129501,'FLAT TILE 2X2, ROUND',4150),(4129872,'LIMB ELEMENT',2417),(4140562,'PLATE 2X2 ROUND',4032),(4140585,'PLATE 1X2 W. STICK',2540),(4140586,'PLATE 1X2 W. STICK',2540),(4140588,'PLATE 1X2 W. STICK',2540),(4140704,'BRICK 1X2 FRIC/STUB/FORK VERT.',30386),(4140806,'2M FRIC. SNAP W/CROSS HOLE',32054),(4141630,'PLATE 1X2 WITH SLIDE',32028),(4142135,'TECHNIC 5M BEAM',32316),(4142865,'2M CROSS AXLE W. GROOVE',32062),(4142869,'BRICK 1X2 WITH CROSS HOLE',32064),(4142989,'ROOF TILE 1X2 INV',3665),(4143005,'CONNECTOR PEG W. KNOB',4274),(4143832,'BRICK 1X2X2',3245),(4143875,'FRONT, 2X2, SPORT',30602),(4144024,'T-BEAM W. PLATE 1X2 W. TUBE',32530),(4153044,'STEE.WHEEL Ø16 F/CONSOLE 2X2',30663),(4157120,'CORNER PLATE 1X2X2',2420),(4157223,'BRICK 1X4 W. 4 KNOBS',30414),(4157277,'FLAT TILE 1X6',6636),(4159335,'STUB W. FRICTION BUSH 3 M',41532),(4159553,'PLATE 1X1',3024),(4159739,'BRICK 2X3',3002),(4160392,'BRICK 1X6 W/BOW',42022),(4160863,'BRICK W. ARCH 1X1X1 1/3',6091),(4160869,'RIGHT PLATE 2X4 W/ANGLE',41769),(4161332,'LEFT PLATE 2X4 W/ANGLE',41770),(4161403,'WHIP',2488),(4161673,'ROUND BRICK 2X2X2',30361),(4161674,'FINAL BRICK 2X2',30367),(4162916,'MINI LOWER PART',73200),(4163087,'CORNER BRICK 2X2/45° OUTSIDE',3045),(4163306,'MINI VISOR 2',2447),(4163917,'ROUND PLATE 1X1 - TR.',30057),(4164037,'PLATE 1X2',3023),(4164073,'BRICK 1X4 W. 4 KNOBS',30414),(4168345,'FLAT TILE 1X2',3069),(4170457,'RIM WIDE W. HOLE Ø11',6014),(4173328,'WINDSCREEN 2X6X2 TRANSPARENCY',4176),(4173441,'MINI HEAD',3626),(4173970,'CROSS BLOK 3M',42003),(4177430,'DOUBLE CONICAL WHEEL Z20 1M',32269),(4177431,'DOUBLE CONICAL WHEEL Z12 1M',32270),(4179576,'COLUMN 1X1X6',43888),(4179580,'PARABOLIC REFLECTOR Ø24X6,4',43898),(4180508,'RIGHT PLATE 2X3 W/ANGLE',43722),(4180536,'LEFT PLATE 2X3 W/ANGLE',43723),(4181138,'BRICK 2X6',44237),(4181139,'BRICK 2X6',44237),(4181142,'BRICK 2X6',44237),(4183544,'ROUND BRICK 1 - TR',30068),(4183653,'RUDDER 2X3X2',44661),(4184813,'WHEEL ARCH 2X4',41854),(4185177,'FLAT TILE 2X2',3068),(4185583,'ROOF TILE 2X4X1, 18°',30363),(4185620,'PLATE 1X2 W. STUB/VERTICAL',44567),(4189064,'CORNER BRICK 2X2/45° OUTSIDE',3045),(4189400,'FLAT TILE 1X8',4162),(4190187,'RADIATOR GRILLE - TR',30244),(4190511,'LEFT DOOR 1X3',3822),(4190514,'RIGHT DOOR 1X3',3821),(4191191,'PLATE 4X4X2/3',45677),(4191414,'ROOF TILE CORNER 2X2X3/73°',3685),(4193083,'WALL ELEMENT W. FORKS',44572),(4194395,'MINI HEAD NO. 279',45936),(4194746,'PLATE 1X2 - TR.',6225),(4195059,'TANK BOTTOM 8X6X2',45410),(4195061,'TANK UPPER PART 8X6X2',45411),(4198367,'DAMPER 2M',45590),(4200798,'WALL ELEMENT 1X2X1 - TR.',30010),(4201019,'PLATE 1X2 - TR.',6225),(4201062,'BRICK 1X4 W. 4 KNOBS',30414),(4201615,'BRICK 1X2 M. 2 HOLES Ø 4,87',32000),(4204625,'BRICK W. BOW 4X1X1 1/3',6081),(4205107,'TECHNIC BRICK 1X2, Ø4.9',3700),(4205469,'RIGHT PLATE 2X4 W/ANGLE',41769),(4205470,'LEFT PLATE 2X4 W/ANGLE',41770),(4206482,'CONN.BUSH W.FRIC./CROSSALE',43093),(4206504,'MINI LOWER PART',73200),(4207715,'T-BEAM W. PLATE 1X2 W. TUBE',32530),(4208072,'CORNER PLATE 45 DEG. 3X3',2450),(4209159,'TECHNIC STICK',2714),(4210210,'PLATE 1X3',3623),(4210631,'RADIATOR GRILLE 1X2',2412),(4210632,'PLATE 1X1 W. HOLDER',4085),(4210639,'TECHNIC BRICK 1X1',6541),(4210651,'FLAT TILE 1X6',6636),(4210660,'PLATE 1X2 W. STICK',2540),(4210678,'PLATE 2X10',3832),(4210695,'FRIC/FORK W. CROSS HOLE',30553),(4210698,'MEGAPHONE',4349),(4210706,'PLATE 4X12',3029),(4210719,'PLATE 1X1',3024),(4210762,'BRICK 1X2 M. 2 HOLES Ø 4,87',32000),(4210794,'PLATE 6X8',3036),(4210797,'BRICK W. ARCH 1X1X1 1/3',6091),(4210801,'LADDER 1X2X2',4175),(4210848,'FLAT TILE 1X1',3070),(4210865,'PARABOLIC REFLECTOR Ø24X6,4',43898),(4210869,'RIGHT PLATE 2X3 W/ANGLE',43722),(4210872,'LEFT PLATE 2X3 W/ANGLE',43723),(4210875,'BRICK 2X6',44237),(4210917,'TECHNIC BRICK 1X6, Ø4,9',3894),(4210984,'CORNER PLATE 3X6',2419),(4210997,'PLATE 2X8',3034),(4210998,'PLATE 1X8',3460),(4211000,'ROOF TILE 2X2/45° INV.',3660),(4211001,'PLATE 1X4',3710),(4211002,'PLATE 2X6',3795),(4211008,'FLAT TILE 1X8',4162),(4211010,'PARABOLA Ø16',4740),(4211042,'PLATE 2X2 ROUND',4032),(4211043,'PLATE 2X3',3021),(4211045,'ROOF TILE 1X3/25°',4286),(4211046,'BRICK 2X2 W. SNAP AND CROSS',6232),(4211050,'1 1/2 M CONNECTING BUSH',32002),(4211051,'PRISMATIC BINOCULARS',30162),(4211052,'FLAT TILE 1X2',3069),(4211053,'FLAT TILE 1X4',2431),(4211054,'ROOF TILE 2X2/45°',3039),(4211055,'FLAT TILE 2X2',3068),(4211056,'PLATE 1X6',3666),(4211063,'PLATE 1X2',3023),(4211065,'PLATE 2X4',3020),(4211069,'PLATE 1X1 W. UP RIGHT HOLDER',2555),(4211075,'BRICK 1X2X5',2454),(4211087,'BRICK 1X2 W. HORIZONTAL SNAP',2458),(4211088,'BRICK 1X2',3004),(4211094,'PLATE 2X2',3022),(4211095,'PALISADE BRICK 1X2',30136),(4211096,'ROOF TILE 1X2 INV.',3665),(4211098,'BRICK 1X1',3005),(4211099,'BRICK 1X8',3008),(4211100,'BRICK 1X6',3009),(4211104,'BRICK 1X3',3622),(4211105,'BRICK 2X3',3002),(4211107,'BRICK 1X10',6111),(4211111,'TECHNIC BRICK 1X2, Ø4.9',3700),(4211114,'PLATE 6X10',3033),(4211115,'PLATE 4X6',3032),(4211119,'PLATE 1X2 W. 1 KNOB',3794),(4211129,'PLATE 2X2 W. VERTICAL SNAP',2460),(4211133,'PLATE 1X3',3623),(4211135,'ROOF TILE 1X2/45°',3040),(4211150,'PLATE 1X2',3023),(4211151,'FLAT TILE 1X2',3069),(4211152,'PLATE 1X3',3623),(4211157,'MINI BROOM',3836),(4211159,'PLATE 2X2 ROUND',4032),(4211163,'CHEST LID 2X4',4739),(4211180,'PALISADE BRICK 1X2',30136),(4211181,'PALISADE BRICK 1X4',30137),(4211183,'ROUND BRICK 1X1',3062),(4211185,'BOX 3X4',30150),(4211186,'PLATE 2X4',3020),(4211190,'PLATE 1X4',3710),(4211194,'FLAT TILE 1X4',2431),(4211197,'ROOF TILE 1X3/25°',4286),(4211199,'ROOF TILE 1X2/45°',3040),(4211200,'BRICK CORNER 1X2X2',2357),(4211201,'BRICK 2X4',3001),(4211204,'FLAT TILE 1X6',6636),(4211206,'SEAT 2X2X2',4079),(4211210,'BRICK 2X2',3003),(4211211,'PLATE 2X8',3034),(4211219,'CLAMP 1X2',2432),(4211220,'BRICK 1X3',3622),(4211235,'MINI SUITCASE',4449),(4211242,'BRICK 1X1',3005),(4211247,'PLATE 2X6',3795),(4211252,'TECHNIC BRICK 1X2, Ø4.9',3700),(4211257,'CORNER PLATE 1X2X2',2420),(4211353,'CORNER PLATE 1X2X2',2420),(4211356,'FLAT TILE 1X4',2431),(4211357,'CLAMP 1X2',2432),(4211358,'ANGLE PLATE 1X2/1X4',2436),(4211359,'TECHNIC BEARING PLATE 2X2',2444),(4211363,'BRICK 1X2X5',2454),(4211364,'BRICK 1X2 W. HORIZONTAL SNAP',2458),(4211376,'TECHNIC DOUB. BEARING PL. 2X2',2817),(4211385,'BRICK 2X4',3001),(4211387,'BRICK 2X2',3003),(4211388,'BRICK 1X2',3004),(4211389,'BRICK 1X1',3005),(4211394,'BRICK 1X4',3010),(4211395,'PLATE 2X4',3020),(4211396,'PLATE 2X3',3021),(4211397,'PLATE 2X2',3022),(4211398,'PLATE 1X2',3023),(4211399,'PLATE 1X1',3024),(4211401,'PLATE 4X12',3029),(4211406,'PLATE 2X8',3034),(4211412,'ROUND BRICK 1X1',3062),(4211414,'FLAT TILE 1X2',3069),(4211419,'COUPLING PLATE 2X2',3176),(4211420,'ROOF TILE 3X4/25°',3297),(4211421,'ROOF TILE 2X3/25°',3298),(4211429,'PLATE 1X3',3623),(4211436,'ROOF TILE 2X2/45° INV.',3660),(4211437,'ROOF TILE 1X2 INV.',3665),(4211438,'PLATE 1X6',3666),(4211440,'TECHNIC BRICK 1X2, Ø4.9',3700),(4211441,'TECHNIC BRICK 1X4, Ø4,9',3701),(4211442,'TECHNIC BRICK 1X8',3702),(4211445,'PLATE 1X4',3710),(4211452,'PLATE 2X6',3795),(4211461,'HINGE 1X2 LOWER PART',3831),(4211462,'PLATE 2X10',3832),(4211466,'BRICK 1X6, Ø4,9',3894),(4211469,'ROCKER BEARING 1X2',3937),(4211474,'PLATE 6X6',3958),(4211475,'PLATE 2X2 ROUND',4032),(4211481,'FLAT TILE 1X8',4162),(4211483,'CONNECTOR PEG W. KNOB',4274),(4211488,'ROOF TILE 1X3/25°',4286),(4211494,'ROOF TILE 1X2X3/73°',4460),(4211498,'PLATE 1X8 WITH RAIL',4510),(4211503,'TAP Ø4.9/6.4',4599),(4211506,'RIM NARROW W. HOLE Ø8',4624),(4211512,'PARABOLA Ø16',4740),(4211515,'WALL ELEMENT 1X2X1',4865),(4211522,'BRICK 1X12',6112),(4211535,'TECHNIC BRICK 1X1',6541),(4211541,'BRICK 1X2 M. 2 HOLES Ø 4,87',32000),(4211564,'BRICK 1X2X2',3245),(4211568,'PLATE 1X2 WITH SLIDE',32028),(4211573,'1/2 BUSH',32123),(4211614,'ROOF TILE 1X2/45°',3040),(4211622,'BUSH FOR CROSS AXLE',6590),(4211628,'LIGHT SWORD - BLADE',30374),(4211632,'PLATE 1X2 W. STICK',2540),(4211639,'CROSS AXLE 5M',32073),(4211640,'4X4 BRICK, Ø 4,85',32324),(4211666,'PLATE 2X4/2X2X1 W. VERTICAL SN',30592),(4211755,'PLATE 2X4 W.SNAP/4XØ4,85',42608),(4211758,'HUB Ø11,2 X 7,84',42610),(4211764,'RIM WIDE W. HOLE Ø11',6014),(4211773,'ROOF TILE 2X3/45°',3038),(4211807,'CONNECTOR PEG',3673),(4211860,'TECHNIC BRICK 1X12, Ø4,9',3895),(4211881,'PLATE 2X2 (ROCKING)',6134),(4212075,'PLATE 3X3, 1/4 CIRCLE',30357),(4212414,'BRICK 1X2X5',2454),(4213374,'JOINT LINK W. BUSH',47455),(4213607,'TECHNIC BRICK 1X4, Ø4,9',3701),(4215449,'HINGE 1X2 LOWER PART',3831),(4215472,'BOW 1/4 4X4X1',48092),(4215513,'WALL CORNER 1X1X1',6231),(4216250,'CORNER BRICK 2X2/45° OUTSIDE',3045),(4216656,'FINAL BRICK 2X2',30367),(4217722,'FRONT, 2X2, SPORT, TR.',47904),(4218697,'PLATES W. BOWS 2X2',47457),(4218728,'BRICK 1X4 FRIC/STUB/FORK VERT.',30387),(4218868,'DISK Ø24',2723),(4220539,'ATTIC 1X2/45°',3049),(4221590,'PLATE 1X6',3666),(4221744,'PLATE 1X1',3024),(4221745,'ROOF TILE 1X2X3/73°',4460),(4221775,'MINI ANTENNA GREY/BLACK',73587),(4222047,'FRIC/FORK W. CROSS HOLE',30553),(4222960,'ROUND PLATE 1X1 - TR.',30057),(4223363,'STEERING NOZZLE',3963),(4223683,'PLATE 1X10',4477),(4223767,'TECHNIC LEVER 3M',6632),(4225119,'ARCH 1X4X2',6182),(4225201,'PLATE 1X2 W. STICK 3.18',48336),(4225469,'ANGULAR BRICK 1X1',4070),(4225823,'BRICK 1X1 W. HANDLE',2921),(4225923,'BRICK 2X2 Ø4.85 HORIZ. SNAP',48170),(4225973,'BRICK 2X2 Ø4.85 FEMALE',48169),(4226179,'BRICK 1X2 WITHOUT PIN',3065),(4226358,'PLATE 6X16',3027),(4228198,'ROOF TILE 1X2 45° NO. 3',50344),(4233487,'BRICK 1X2 WITH CROSS HOLE',32064),(4233489,'BRICK 1X2 WITH CROSS HOLE',32064),(4234365,'TECHNIC BRICK 1X4, Ø4,9',3701),(4239601,'1/2 BUSH',32123),(4243819,'PLATE 4X4',3031),(4243824,'PLATE 4X4',3031),(4243831,'PLATE 4X4',3031),(4243838,'PLATE 4X4',3031),(4244362,'ROOF TILE 1 X 1 X 2/3',50746),(4244368,'ROOF TILE 1 X 1 X 2/3',50746),(4244369,'ROOF TILE 1 X 1 X 2/3',50746),(4244627,'PLATE 1X2 W. STICK 3.18',48336),(4245570,'BRICK 1X2',3004),(4246896,'Brick w/bow 1/3',50950),(4246901,'TYRE LOW NARROW Ø14.58 X 6.24',50951),(4248538,'RIM WIDE W.HOLE Ø11.2X6.2-DEC',51719),(4248937,'DIAMOND WITH STICK',30153),(4251162,'Brick w/bow 1/3',50950),(4251393,'RIGHT PLATE 3X8 W/ANGLE',50304),(4251394,'LEFT PLATE 3X8 W/ANGLE',50305),(4252456,'COMBI HUB W. STICK Ø 3.2',48723),(4253815,'BRICK 1X2 W. FOUR KNOBS',52107),(4255035,'PLATE 2X12',2445),(4255624,'ROOF TILE 1X2/45°',3040),(4255629,'FLAT TILE 1X1 \'GREY PANEL\'',83484),(4256095,'RIGHT PLATE 3X8 W/ANGLE',50304),(4256097,'LEFT PLATE 3X8 W/ANGLE',50305),(4256149,'PLATE 6X12',3028),(4256320,'TAP Ø4.9/6.4',4599),(4256828,'TECHNIC BRICK 1X16, Ø4,9',3703),(4257526,'PLATE 1X10',4477),(4259422,'MOTOR 2X2X1 1/3',50943),(4259940,'Brick 2x4x1 w. screen',50745),(4260707,'PLATE 2X8 W. HOLES',3738),(4260942,'ROOF TILE 1 X 1 X 2/3',50746),(4261397,'DRAGONS FIRE',6126),(4261470,'CUPBOARD, DOOR 3X2',4533),(4261565,'PLATE 4X6X2/3',52031),(4261605,'PLATE 1X4 W. REV. HOOK',30043),(4261908,'HANDLE W. 3.18 STICK',30031),(4261941,'ROOF TILE 2X2, RADARC LOS',82024),(4262022,'STRING 30 CM W. JET PIPE',74610),(4262023,'HOSE DRUM',4208),(4262974,'LIGHT SWORD - BLADE',30374),(4263176,'MINI HANDLE',3839),(4264031,'FENCE 1X8X2 2/3',6079),(4264755,'ROOF TILE 1X2X3/74° INV.',2449),(4265357,'ROOF TILE 1X2 INV.',3665),(4265794,'BRICK 1X2 W. HORIZONTAL HOLDER',30237),(4266666,'END RIDGED TILE 1X2/45°',3048),(4267994,'TECHNIC BRICK 1X4, Ø4,9',3701),(4271076,'CORNER BRICK 2X2/45° OUTSIDE',3045),(4271082,'BRICK 1X12',6112),(4271949,'FLAT TILE 2X2',3068),(4273590,'PLATE 1X1 W/TOOTH',49668),(4273965,'LACQUERED AXE HEAD W H. Ø3.2',53705),(4275821,'MINI UPPER PART \'NO. 1163\'',76382),(4275827,'MINI UPPER PART \'NO. 1156\'',76382),(4277774,'COVER PLATE W. CURVE 1 X 4.5',50947),(4277927,'ANGLE PLATE 1X2 / 2X2',44728),(4277928,'ANGLE PLATE 1X2 / 2X2',44728),(4277932,'ANGLE PLATE 1X2 / 2X2',44728),(4278013,'TURKEY, DRUMSTICK',33057),(4278273,'SLIDE SHOE ROUND 2X2',2654),(4278274,'SLIDE SHOE ROUND 2X2',2654),(4278275,'SLIDE SHOE ROUND 2X2',2654),(4278359,'SLIDE SHOE ROUND 2X2',2654),(4278422,'SLIDE SHOE ROUND 2X2',2654),(4279059,'PLATE 4X12',3029),(4279734,'FINAL BRICK 2X2',30367),(4283046,'RIGHT PLATE 3X6 W. ANGLE',54383),(4283047,'LEFT PLATE 3X6 W ANGLE',54384),(4283912,'WALL ELEMENT 4X4X6, ROUND - TR',46361),(4283915,'BRICK 1X2X5 - TR.',46212),(4285883,'PLATE W. BOWS 2X3½',47456),(4288083,'ROOF TILE 2X2/45° NO. 13',55068),(4288298,'FLAT TILE 2X2 NO. 136',46502),(4288594,'Brick 2x4x1 w. screen',50745),(4289538,'STICK Ø 3.2 W. HOLDER',48729),(4289542,'STICK Ø 3.2 W. HOLDER',48729),(4290149,'LEFT PLATE 3X6 W ANGLE',54384),(4290150,'RIGHT PLATE 3X6 W. ANGLE',54383),(4290713,'VOODOO BALL Ø10,2',32474),(4291746,'SHELL - MORNING STAR',54177),(4294148,'Tail Ø 3,2',55236),(4294180,'INVERTED ROOF TILE 6X1X1',52501),(4296548,'TURBINE Ø31.81 X 2',41531),(4296788,'ROCKET STEP 4X4X2',3943),(4490082,'MINI LEG',41879),(4495930,'TECHNIC 7M BEAM',32524),(4496442,'WINDSCREEN  4X3X1 1/3',57783),(4496699,'FLAT TILE 1X2',3069),(4497253,'BRICK 2X2 W. BALL Ø 10.2',57909),(4497943,'COUPLE W. 3.2 STICK',58176),(4497952,'COUPLE W. 3.2 STICK',58176),(4499234,'TYRE LOW WIDE Ø37 X 22',55978),(4499858,'CROSS AXLE 8M WITH END STOP',55013),(4500517,'PLATE 6X6 W. BOW',6003),(4500812,'FRAME 1X4X6 TRIPARTITE',57894),(4500978,'ROCKET STEP 3X3X2 W. CROSS',6233),(4501232,'PLATE 1X2 W. STICK 3.18',48336),(4501969,'SHELL 4X8X2 W/FORKS',46413),(4504369,'ROOF TILE 1X1X2/3, ABS',54200),(4504375,'ROOF TILE 1X1X2/3, ABS',54200),(4504376,'ROOF TILE 1X1X2/3, ABS',54200),(4504378,'ROOF TILE 1X1X2/3, ABS',54200),(4504379,'ROOF TILE 1X1X2/3, ABS',54200),(4504380,'ROOF TILE 1X1X2/3, ABS',54200),(4504382,'ROOF TILE 1X1X2/3, ABS',54200),(4505068,'WALL ELEMENT 1x6x5, ABS',59349),(4506556,'WALL ELEMENT 1x6x5, ABS',59349),(4506727,'MINI HEAD NO. 498',59714),(4507047,'FLAT TILE 1X6',6636),(4507056,'PLATE 2X4X18°',51739),(4507139,'BOW',4499),(4508215,'TYRE NORMAL WIDE Ø14.6 X 9',30028),(4508553,'CROSS AXLE 5,5  WITH STOP 1M.',59426),(4509886,'ANGLE ELEMENT, 90 DEGREES [6]',32014),(4509897,'PLATE 4X8',3035),(4511896,'MINI HEAD',3626),(4512049,'CHAIN 16 M',60169),(4513326,'WALL ELEMENT 2X4X6, MOUNTAIN',54782),(4514192,'OUTERCABLE 64MM',60675),(4514398,'PLATE 1X2 W. STICK 3.18',48336),(4514553,'CONNECTOR PEG W. FRICTION 3M',6558),(4514558,'GEAR WHEEL Z24',3648),(4514842,'PLATE 1X12',60479),(4514845,'PLATE 1X12',60479),(4515347,'PLATE 4X4 ROUND W. SNAP',60474),(4515349,'PLATE 4X4 ROUND W. SNAP',60474),(4515351,'PLATE 4X4 ROUND W. SNAP',60474),(4515365,'PLATE 1X2 W/SHAFT Ø3.2',60478),(4515367,'PLATE 1X2 W/SHAFT Ø3.2',60478),(4515368,'PLATE 1X2 W/SHAFT Ø3.2',60478),(4515369,'PLATE 1X2 W/SHAFT Ø3.2',60478),(4515371,'ROOF TILE 2X1X2',60481),(4515373,'ROOF TILE 2X1X2',60481),(4515374,'ROOF TILE 2X1X2',60481),(4516843,'TYRE D8, SEBS',59895),(4517925,'PLATE 1X1 W/HOLDER VERTICAL',61252),(4517986,'BOTTOM W. TURNTABLE 4X4',61485),(4518214,'PLATE 2X2 INVERTED W. SNAP',2476),(4518400,'NOSE CONE SMALL 1X1',59900),(4518557,'ROOF TILE 1X2/45°',3040),(4518606,'BRICK W. BOW 1X5X4',2339),(4519010,'CROSS AXLE, EXTENSION, 2M',59443),(4519013,'UNDERCARRIAGE W. VERT. SNAP',61483),(4520307,'BOX 2X2X2',61780),(4520320,'3 m.arch w.knob and shaft ø3.2',61184),(4520612,'COLUMN 1X1X6',43888),(4520636,'DRAWER',4536),(4520638,'BOX 2X2X2',61780),(4520782,'Brick w. bow 1x4',61678),(4520991,'CORSEQUE',43899),(4521134,'WALL ELEMENT 1X2X2 W. WINDOW',60032),(4521187,'PLATE 1X2 W/SHAFT Ø3.2',60478),(4521921,'ROOF TILE 1X1X2/3, ABS',54200),(4521931,'PLATE 1X2 W. STICK 3.18',48336),(4523159,'PLATE 1X1 ROUND',6141),(4523339,'MOTOR 1X2X2/3',4595),(4525236,'PLATE 2X4X1 1/3 W. SIDE BOW',47755),(4526110,'WIG BOY',62810),(4526932,'RIGHT ROOF TILE 2X3',6564),(4527082,'PLATE 2X4X18°',51739),(4527637,'LEFT DOOR 1X3',3822),(4527767,'LEFT  ROOF TILE 2X3',6565),(4528604,'PLATE 1X2',3023),(4528605,'FLAT TILE 1X2, DRUM LAQU',63286),(4529234,'NOSE CONE SMALL 1X1',59900),(4529241,'NOSE CONE SMALL 1X1',59900),(4529242,'NOSE CONE SMALL 1X1',59900),(4529685,'FLAT TILE 1X2 - TR',30070),(4529727,'RIGHT PLATE 3X8 W/ANGLE',50304),(4529728,'LEFT PLATE 3X8 W/ANGLE',50305),(4530712,'PLATE 6X6',3958),(4531412,'PLATE 2X4X18°',51739),(4533101,'CHEST 2X4',4738),(4533742,'FLAT TILE 1x3',63864),(4533772,'BRICK 1X1 W/HOLDER, H0RIZONTAL',60475),(4534648,'PLATE 2X1 W/HOLDER,VERTICAL',63868),(4535553,'WIG BOY',62810),(4535738,'PLATE 2X1 W/HOLDER,VERTICAL',63868),(4535930,'ROOF TILE 1X4X1',60477),(4536675,'FENCE 1X4X1',3633),(4536677,'BARREL 2X2',2489),(4537056,'WALL 1X4X5 W/BOWED SLIT',60808),(4537937,'PLATE 2X2',3022),(4537987,'RIGHT DOOR 1X3',3821),(4538252,'STICK/AERIAL',3957),(4538456,'STICK Ø3.2 2MM W/KNOB AND TUBE',64644),(4538724,'STICK 6M W/FLANGE',63965),(4538950,'STICK Ø3.2 2MM W/KNOB AND TUBE',64644),(4539060,'FLAT TILE 1X4',2431),(4539091,'TUBE W/DOUBLE Ø4.85',62462),(4539385,'CRASH BAR 4x6x3',64450),(4539481,'LIGHT SWORD SHAFT',64567),(4540040,'PLATE 1X1 W/HOLDER VERTICAL',61252),(4540382,'ROOF TILE W. LATTICE 1x2x2/3',61409),(4540384,'ROOF TILE W. LATTICE 1x2x2/3',61409),(4540386,'ROOF TILE W. LATTICE 1x2x2/3',61409),(4540865,'FEATHER',64647),(4541191,'ROOF TILE W. LATTICE 1x2x2/3',61409),(4541394,'CHEST LID 2X4',4739),(4541978,'PLATE 1X1 W/HOLDER VERTICAL',61252),(4542391,'PLATE 1X2 W. STICK',2540),(4542573,'TECHNIC 15M BEAM',64871),(4542586,'2 KNIVES',44658),(4542590,'STICK Ø 3.2 W. HOLDER',48729),(4542673,'PLATE 1X1 - TR.',30008),(4543086,'PLATE 1X2 WITH SLIDE',32028),(4543857,'MINI LEG',41879),(4543998,'Brick w/bow 1/3',50950),(4544139,'FLAT TILE 1X8',4162),(4546705,'ROOF TILE 1X1X2/3, ABS',54200),(4547489,'ROOF TILE 1 X 2 X 2/3, ABS',85984),(4548180,'ROOF TILE 1 X 2 X 2/3, ABS',85984),(4549886,'Turbine ø31,37 w.holes ø 4,85',60208),(4549997,'INV. ROOF TILE 4X6, 3XØ4.9',60219),(4549999,'INV. ROOF TILE 4X6, 3XØ4.9',60219),(4550015,'FRAME 1X4X6',60596),(4550017,'PLATE 1X1 W. HOLDER',60897),(4550168,'CORNER PLATE 1X2X2',2420),(4550325,'PALISADE BRICK 1X2',30136),(4550329,'PLATE 2X6',3795),(4550348,'ROOF TILE 1 X 2 X 2/3, ABS',85984),(4550359,'BRICK 2X2',3003),(4556153,'PLATE 1X2 W/HOLDER, VERTICAL',60470),(4556157,'PLATE 1X2 W/HOLDER, VERTICAL',60470),(4556158,'PLATE 1X2 W/HOLDER, VERTICAL',60470),(4558169,'FLAT TILE 1x3',63864),(4558170,'FLAT TILE 1x3',63864),(4558850,'SPIRAL TUBE W. TUBE STUD',64230),(4558952,'BRICK 1X1 W. 1 KNOB',87087),(4558953,'BRICK 1X1 W. 1 KNOB',87087),(4558957,'BRICK 4X4 ROUND W. Ø4.9 W. KL.',87081),(4558959,'BRICK 4X4 ROUND W. Ø4.9 W. KL.',87081),(4560178,'FLAT TILE 2X4',87079),(4560179,'FLAT TILE 2X4',87079),(4560182,'FLAT TILE 2X4',87079),(4560183,'FLAT TILE 2X4',87079),(4560184,'FLAT TILE 2X4',87079),(4560929,'PLATE 2X6X2/3 W 4 HOR. KNOB',87609),(4560933,'Rudder 2x12x5',87614),(4561035,'PLATE 4X4 W/ANGLE',43719),(4562544,'MINI U.S. CAP',86035),(4562805,'TECHNIC 11M BEAM',64290),(4563682,'BRICK 1X1X3 W. 2 GRIP',60583),(4565321,'PLATE 2X2 W 1 KNOB',87580),(4565394,'PLATE 2X2 W 1 KNOB',87580),(4565432,'Function element FEMALE',87617),(4565452,'CONICAL WHEEL Z12',6589),(4566256,'TOOTH Ø3.2 SHAFT',87747),(4566308,'BRICK 1X1X5',2453),(4566927,'CROSSAXLE 3M WITH KNOB',6587),(4567338,'NOSE CONE SMALL 1X1 - TR',64288),(4567411,'LANTERN MAST 2X2X3',4289),(4567520,'DOME Ø32',86500),(4567887,'ROOF TILE 1 X 2 X 2/3, ABS',85984),(4567909,'MINI U.S. CAP',86035),(4567914,'RIGHT DOOR 1X3',3821),(4567918,'LEFT DOOR 1X3',3822),(4567994,'Window f. plane front 6x10x4',87612),(4568155,'DRUM HOLDER 2X4X2',4209),(4568387,'HORN W. SHAFT Ø 3.2',88513),(4568644,'TYRE NORMAL WIDE Ø21 X 12',87697),(4568734,'FLAT TILE 1x3',63864),(4568933,'MINI WIG NO. 8',88283),(4569474,'CORNER PLATE 45 DEG. 4X4',30503),(4569733,'PLATE 1X2 W. VERTICAL SCHAFT',88072),(4569900,'FROGMANS FEET',2599),(4570003,'MINI HEAD NO. 641',88935),(4570026,'MINI UPPER PART \'NO 1573\'',76382),(4570043,'MINI HEAD \'NO. 645\'',88950),(4570451,'PLATE 4X4, 1/4 CIRCLE',30565),(4570663,'MINI HEAD NO. 646',89164),(4570877,'PLATE 1X2',3023),(4571212,'MINI UPPER PART \'NO 1580\'',76382),(4579354,'PLATE 1X1 W/HOLDER VERTICAL',61252),(4580433,'RIGHT DOOR  W/KNOB HINGE 1X3X4',58380),(4580434,'LEFT DOOR W/KNOB HINGE 1X3X4',58381),(4581308,'PLATE 2X2 W 1 KNOB',87580),(4581525,'Brick 2x2 w. angle 45 degrees',87620),(4583837,'ROOF TILE 1X3/25° INV.',4287),(4584274,'Brick 2x2 w. angle 45 degrees',87620),(4585146,'SATELLITE DISH Ø16',4740),(4587498,'MINI HELMET SEE KING \'NO.1\'',91673),(4587501,'MINI COAT OF MAIL SEEKING\'NO1\'',91675),(4588003,'PLATE 1X1 W. HOLDER',60897),(4593335,'CORNER BRICK 2X2/45° OUTSIDE',3045),(4593677,'WALLELEMENT 1X2X2',87552),(4594238,'PLATE 1X1 W. HOLDER',60897),(4594243,'PLATE 3X4 W/ANGLES',90194),(4595077,'TRIDENT W. Ø3.2 SHAFT',92290),(4595710,'PLATE 4X5 W. SHAFT Ø3.2',92099),(4595814,'FRAME 1X2X2',60592),(4595836,'BUTT',86208),(4595889,'FRAME 1X4X3',60594),(4596914,'MINI LEG',41879),(4598467,'FACET BRICK 3X3X1',2462),(4598526,'PLATE 1X2 W. VERTICAL GRIP',92280),(4598528,'PLATE 1X2 W. VERTICAL GRIP',92280),(4598856,'COCKPIT 4X6X2 W FRONT SHAFT',92279),(4599461,'CORNER PLATE 10X10',92584),(4599498,'PLATE 1X4 W. 2 KNOBS',92593),(4599499,'PLATE 1X4 W. 2 KNOBS',92593),(4599743,'ANGLE FISH HEAD NO. 1',93148),(4599960,'HAMMER SHARK HEAD NO. 1',93165),(4599984,'PROPELLER 3 BLADES M/Ø4,8',92842),(4600121,'HELMET W. AIR BOTTLES',87754),(4600178,'MUDGUARD 2X4 w. hole Ø4.9',60212),(4600181,'MUDGUARD 2X4 w. hole Ø4.9',60212),(4600294,'2 M. Ø3.2 Bones',93160),(4600307,'5 M. Ø3.2 BONE',92691),(4600437,'CHAIN 6 M',92338),(4600519,'STAR WITH Ø3.2 WHEEL',93058),(4602932,'MINI UPPER PART NO 1695',76382),(4602942,'FRONT, 2X2, SPORT, TR.',47904),(4602970,'SKELETON LEG NO. 3',93062),(4602981,'GENERAL SKELETON HEAD \'NO.1\'',93270),(4603189,'Inverted r.t. 6x10 w.doubl.bow',87611),(4603190,'HELMET W.Ø3.2 SHAFT AT FRONT',87781),(4603191,'PLATE 2X3 W. HOLDER',30350),(4604304,'PLATE 1X2 W.Ø3.2 SHAFT 22.5 D.',92692),(4609289,'BEARD SENSAI',93069),(4609291,'FIGUR HEAD CLOTHING NO 7',93059),(4609295,'SKELETON ARM NO. 3',93061),(4609726,'PLATE 8X16',92438),(4609774,'CONICAL DRILL WITH SPIKES',64713),(4610112,'CUPBOARD 2X3X2',92410),(4610674,'Cockpit 6x5x2 3.2 W 3.2 SHAFT',92580),(4610762,'SHAFT Ø3.2 W. CORED Ø3.2 HOLE',93252),(4610876,'Plane Front 6x10x4w.window DEC',93576),(4611109,'SPACE VISOR TR',89159),(4611424,'MINI HEAD \'NO. 744\'',93618),(4611426,'MINI HEAD \'NO. 745\'',93619),(4611429,'MINI HEAD \'NO. 747\'',93621),(4611432,'MINI HEAD \'NO. 748\'',93622),(4611703,'PLATE 1X2 W. VERTICAL SCHAFT',88072),(4611882,'WEAPON, WARRIOR',60752),(4611883,'SPEAR',4497),(4611904,'TOOTH Ø3.2 SHAFT',87747),(4612344,'SKELETON TORSO NO. 3 \'DEC.2\'',93761),(4612346,'SKELETON TORSO NO. 3 \'DEC.3\'',93763),(4612418,'PLATE 1X1 W. UP RIGHT HOLDER',2555),(4612575,'PLATE 1X2 WITH SLIDE',32028),(4612637,'MINI UPPER PART NO. 1715',76382),(4612645,'MINI UPPER PART NO. 1716',76382),(4612652,'MINI UPPER PART NO. 1718',76382),(4612720,'DOME Ø32',86500),(4612725,'ROOF TILE 4X2 W. ANGL./SL.BOT.',47759),(4612728,'PLATE 4X4 ROUND W. SNAP',60474),(4612729,'DRAGONS WING',6133),(4612730,'BRICK 1X6 W/BOW',42022),(4612732,'SHELL 6X8X2 W/BOW/ANGLE',41751),(4612827,'PRO. Ø47.79 W.Ø4.85 SNAP HOLE',87751),(4612828,'PROPELLER W. 3 BLADES Ø26.6',6041),(4612829,'CONICAL HORN Ø 3.2 SHAFT',89522),(4612845,'MINI UPPER PART NO. 1719',76382),(4612900,'NINJA SWORD',30173),(4612901,'HORN W. SHAFT Ø 3.2',88513),(4613153,'PLATE W. BOW 1X4X2/3',93273),(4613174,'BRICK W. BOW 2X4',93606),(4613444,'HARPOON 5 M',30088),(4613550,'HELMET W. AIR BOTTLES',87754),(4613736,'SAUSAGE',33078),(4613918,'FROGMANS FEET',2599),(4614153,'MINI LOWER PART NO. 198',94303),(4614155,'MINI UPPER PART NO. 1734',76382),(4614404,'NINJA SWORD',30173),(4614461,'CLAMP 1X2',2432),(4614487,'ARMOUR W/SPIKE \'DEC NO.3\'',94351),(4614508,'MINI HEAD \'NO. 761\'',94355),(4614518,'MINI UPPER PART NO. 1735',76382),(4614552,'MINI LOWER PART \'NO 199\'',94363),(4614994,'SPINNER Ø47.79 X 1-1/3 NO.13',92547),(4615095,'MINI HEAD \'NO. 764\'',94434),(4615606,'PLATE 2X2',3022),(4615642,'ANGLE PLATE 1X2 / 2X2',92411),(4615649,'ANGLE PLATE 1X2 / 2X2',92411),(4617190,'TOOTH Ø3.2 SHAFT',87747),(4618852,'BRICK 1X2X2',3245),(4618874,'BRICK 1X6 W/INSIDE BOW',92950),(4619618,'MINI UPPER PART NO. 1750',76382),(4619636,'RADIATOR GRILLE 1X2',2412),(4619665,'CUPBOARD 2X3X2',92410),(4619707,'SKELETON, BODY',6260),(4619711,'SKELETON, ARM',6265),(4619742,'SPINNER Ø47.79 X 1-1/3 NR.14',92547),(4619760,'BRICK 2X2 W. CUP FOR BALL',92013),(4619814,'SKELETON, LEG',6266),(4620079,'FLAT TILE 2X2, ROUND',4150),(4621604,'MINI UPPER PART \'NO. 1736\'',76382),(4621917,'ROOF TILE 1X2 45° W 1/3 PLATE',92946),(4622243,'FLAG WITH 2 HOLDERS',60779),(4622570,'FLAT TILE 1X4 W/STUBS VERTICAL',95120),(4622575,'STRETCHER 2X6',93140),(4623199,'GLOBE W. 3.2 STICK',58176),(4623236,'MINI SPACEGUN W.RIB Ø3.2 SHAFT',95199),(4623595,'SLIDE SHOE ROUND 2X2',54196),(4623786,'SKELETONHEAD W/HELMET \'N0.1\'',96044),(4624086,'ROOF TILE 1 X 2 X 2/3, ABS',85984),(4624088,'BRICK W/BOW 1/3',50950),(4624089,'ROOF TILE 2X1X2',60481),(4624209,'ARMOUR W/BONE \'NO. 1\'',96121),(4626196,'BUCKET',95343),(4626361,'PLATE 2X4X1 1/3 W. SIDE BOW',47755),(4626501,'DRAGON SWORD',93055),(4626948,'CORNER PLATE 45 DEG. 8X8',30504),(4630045,'FLAT TILE 2X2 \'NO.194\'',96718),(4632566,'LAMP HOLDER',4081),(4632571,'LAMP HOLDER',4081),(4632572,'LAMP HOLDER',4081),(4633691,'PLATE 1X1 ROUND',6141),(4633914,'PLATE W. BOW 1X4X2/3',93273),(4636105,'HASSANSIN BRACES, WOLVERINE',88811),(4638658,'WALLELEMENT 1X2X2, PC',94638),(4639781,'GLAS FOR FRAME 1X4X6 \'NO.1\'',93674),(4640026,'WALLELEMENT 1X2X2, PC',94638),(4640844,'Ø3.2 SHAFT W. CORED KNOB',92690),(4641675,'NINJA HEADGEAR',96034),(4641677,'NINJA HEADGEAR',96034),(4644102,'HANDLEBAR W/3.2 SHAFT/BAR ENDS',98397),(4646772,'NINJA HEADGEAR',96034),(4647266,'Plate 2x2 w. stump/top',92582),(4647286,'BRICK W. BOW 2X4',93606),(4650498,'FLAT TILE 1X1, ROUND',98138),(4650644,'PROFILE BRICK Ø15.83 W. CROSS',92947),(4650646,'PROFILE BRICK Ø15.83 W. CROSS',92947),(4650647,'PROFILE BRICK Ø15.83 W. CROSS',92947),(4651063,'Brick 2x2 w. angle 45 degrees',87620),(4651524,'ROOF TILE 1 X 2 X 2/3, ABS',85984),(4654448,'ELEMENT SEPERATOR',96874),(4654580,'ANGULAR PLATE 1.5 BOT. 1X2 2/2',99207),(4654582,'ANGULAR PLATE 1,5 TOP 1X2 1/2',99781),(4654915,'ROOF TILE 1X2 INV.',3665),(4659335,'CLAW 3M W. GRIP',92220),(4666322,'BRICK 1X1 W. 1 KNOB',87087),(4666579,'CONNECTOR PEG/CROSS AXLE',6562),(4667222,'FLAT TILE 1X2 - TR',30070),(4667794,'MINI LOWER BODY \'NO. 191\'',93746),(4667795,'MINI LOWER BODY \'NO. 190\'',93751),(4667796,'MINI LOWER BODY \'NO. 193\'',93755),(4667800,'MINI LOWER BODY \'NO. 220\'',95393),(6000606,'ANGULAR PLATE 1.5 BOT. 1X2 1/2',99780),(6003002,'ROUND PLATE Ø32X6.4',3960),(6003298,'INJECTION SYRING',87989),(6003610,'MINI HEAD \'NO. 961\'',10337),(6004439,'MINI WIG NO. 8',88283),(6004729,'HAMMER',75904),(6005030,'PLATE 4X4 ROUND W. SNAP',60474),(6005101,'GIANT NO. 1 RIGHT HAND',10126),(6005102,'GIANT NO. 1 LEFT HAND',10127),(6005225,'MINI LEG',41879),(6005668,'BRICK W. BOW 2X4',93606),(6005773,'CRAB',33121),(6006739,'BAD ROBOT ARM',76116),(6008350,'HELMET NO. 5',10907),(6008483,'BAD ROBOT ARM',76116),(6009015,'INVERTED WINDSCREEN 3X4X4',72475),(6010831,'ROUND PLATE 2X2 W/EYE',74698),(6011375,'RIM WIDE W.HOLE Ø8.1 X 9',74967),(6011380,'RIM WIDE W.HOLE Ø8.1 X 9',74967),(6011382,'RIM WIDE W.HOLE Ø8.1 X 9',74967),(6011458,'HINGE 1X2 UPPER PART',3830),(6011459,'HINGE 1X2 UPPER PART',3830),(6011460,'HINGE 1X2 UPPER PART',3830),(6011794,'FLAG WITH 2 HOLDERS',11055),(6012451,'GEAR WHEEL T=8, M=1',10928),(6013658,'ROOF TILE 2X1X2',60481),(6013975,'PLATE 1X3',3623),(6015344,'BRICK 1X2 W. 2 KNOBS',11211),(6015356,'CON. BUSH 2M FR. + CROSS AXLE',11214),(6015424,'PLATE 1X6',3666),(6015449,'ROOF TILE 1 X 2 X 2/3, ABS',85984),(6016279,'HOOD FOR CLOAK',98011),(6016483,'PLATE 1X2',3023),(6018081,'BEARING ELEMENT 2X2, SINGLE',10313),(6019987,'PLADE 1X2 M. VAN. HUL Ø 4,8',11458),(6020193,'ANGULAR PLATE 1.5 BOT. 1X2 1/2',99780),(6020990,'PARABOLIC RING',75937),(6021539,'PLATE W. BOW 1X4X2/3',93273),(6022161,'NOSE CONE 2X2X2',3942),(6022199,'BRICK W/BOW 1/3',50950),(6022905,'GLAS FOR FRAME 1X4X6',60803),(6024022,'GLASS FOR FRAME 1X2X2',86209),(6024715,'BRICK WITH BOW 1X4',11153),(6028324,'2X2 ROUND,SLOPE BRICK W. KNOB',98100),(6028811,'STONE 1X2X1 1/3 W. 2 PLATES 2X2',11215),(6028812,'PLATE 1X2 W. 1 HORIZONTAL SNAP',11476),(6029948,'PLATE W. BOW 1X2X2/3',11477),(6030718,'PLATE 1X1 W. UP RIGHT HOLDER',12825),(6031056,'ARCH 1X4X2',6182),(6031520,'FRONT/DISPLAY 3X4X1 2/3',98835),(6031821,'CROSSAXLE 3M WITH KNOB',13670),(6035291,'ROOF TILE 1 X 2 X 2/3, ABS',85984),(6035540,'PLATE 2X3',3021),(6036485,'CORNER PLATE 6X6X45°',6106),(6036632,'TECHNIC 13M BEAM',41239),(6037834,'PLATE 4X10',3030),(6039479,'PLATE 1X2 BALL Ø5.9 MIDDLE',14417),(6043656,'PLATE 1X2 BALL CUP / FRICTION MIDDLE',14704),(6044706,'EXHAUST PIPE M/SNAP',14682),(6045718,'BOTTOM W. TURNTABLE 4X4',61485),(6045938,'BRICK WITH BOW 1X4',11153),(6046379,'WALL ELEMENT 1X4X1 ABS',15207),(6046939,'PLATES W. BOWS 2X2',47457),(6047276,'PLATE W. BOW 1X2X2/3',11477),(6050679,'HELMET NO. 5',10907),(6050918,'PLATE 3X3, CROSS',15397),(6051331,'MINI SHOOTER WITH Ø3.2 SHAFT',15391),(6051334,'TRIGGER FOR MINI SHOOTER',15392),(6051839,'SPACE VISOR TR \'NO. 1000\'',15600),(6052126,'PLATE 2X2X2/3 W. 2. HOR. KNOB',99206),(6052200,'FLAT TILE 2X2, ROUND',14769),(6053011,'ROOF TILE 1X2 45° W 1/3 PLATE',15672),(6053077,'PLATE W. BOW  2X2X2/3',15068),(6055065,'PLATE W. BOW 1X2X2/3',11477),(6055086,'BRICK WITH BOW 1X3X3',13965),(6055225,'PLATE W. BOW 1X2X2/3',11477),(6056383,'PLATE 2X2',3022),(6057390,'PLATE W. BOW 1X2X2/3',11477),(6057458,'ANGULAR PLATE 1.5 BOT. 1X2 1/2',99780),(6058160,'1X1 DECORATION TOP NO. 1',15470),(6061025,'PLATE 2X2 + ONE HULE Ø4,8',10247),(6061675,'WALL ELEMENT 1X4X2',14718),(6061700,'BRICK 1X1X3',14716),(6061702,'BRICK 1X1X3',14716),(6061711,'PLATE 2X2X2/3 W. 2. HOR. KNOB',99206),(6062574,'BRICK 1X1 W. 1 KNOB',87087),(6064030,'FRAME 1X4X6',60596),(6065496,'BRICK 1X1X3',14716),(6066097,'PLATE 1X2 W. 1 KNOB',15573),(6066124,'WALL ELEMENT 1X2X1',15714),(6069163,'ROOF TILE 1X2 45° W 1/3 PLATE',15672),(6069165,'ROOF TILE 1X2 45° W 1/3 PLATE',15672),(6070495,'ROOF TILE 2X2/45° - TR.',6227),(6070784,'LATTICE 1X4X6 W. SNAP',6020),(6071226,'PLATE 1X1 W. UP RIGHT HOLDER',15712),(6071229,'PLATE 1X1 W. UP RIGHT HOLDER',15712),(6071261,'PLATE W. BOW  2X2X2/3',15068),(6074878,'BRICK 4X4 W. BOW/ANGLE',47753),(6074910,'COLUMN 1X1X6',43888),(6074916,'GATE 4X10 W. KNOBS',87601),(6075066,'BRICK W. BOW 1X5X4',14395),(6076609,'WALL ELEMENT 1X2X1',15714),(6076674,'MINI SACK W. 3.2 SHAFT',17833),(6079001,'BRICK W. BOW 2X4',93606),(6079896,'MINI WIG NO. 18',18228),(6083618,'BRICK 1X4X1 1/3',10314),(6083620,'CROSS AXLE 4M WITH END STOP',87083),(6084573,'PLATE (A)  4M 45°',15706),(6088641,'MINI FIGURE, SKATE',18754),(6092115,'ROOF TILE W. LATTICE 1x2x2/3 \'NO.1000\'',18863),(6092565,'PLATE 1X2 W. 1 KNOB',15573),(6092570,'WALL ELEMENT 1X4X1 ABS',15207),(6092572,'PLATE 1X2 W. 1 KNOB',15573),(6092582,'PLATE 1X2 W. 1 KNOB',15573),(6092583,'PLATE 1X2 W. 1 KNOB',15573),(6092586,'PLATE 1X2 W. 1 KNOB',15573),(6092587,'PLATE 1X2 W. 1 KNOB',15573),(6092590,'PLATE 1X2 W. 1 KNOB',15573),(6092591,'PLATE 1X2 W. 1 KNOB',15573),(6092664,'NOSE CONE 2X2X2',14918),(6092956,'STEE.WHEEL Ø16 F/CONSOLE 2X2',16091),(6093527,'SHAFT 3M Ø3.2',17715),(6093683,'SUPER JUMPER',18663),(6096108,'PLATE HALF CIRCLE 3x6 WITH CUT',18646),(6097194,'PLATE 6X6',3958),(6097417,'BRICK WITH BOW 1X5X4 INV.',30099),(6099483,'Plate 1x2 w. 2 shafts ø 3.2',18649),(6100030,'BEAM 1X1',18654),(6100124,'DOUB. INVERT.ROOF TILE 1X3/45°',18759),(6100942,'BANNER 26 DEG. W. 2 HOLDERS',44676),(6102138,'FLAT TILE 2x2 ROUND W. HOLE Ø4.85',15535),(6102357,'PLATE W. BOW  2X2X2/3',15068),(6102553,'S-CAPE',19888),(6102734,'PLATE 1X2 W/SHOOTER',15403),(6102756,'DOME 2X2, INVERTED W. ONE STUD',15395),(6102767,'HINGE PLATE 1X2',19954),(6102769,'HINGE PLATE 1X2',19954),(6105976,'PLATE W. BOW  2X2X2/3',15068),(6107536,'VISOR NR. 1 \'NO. 5\'',20628),(6107539,'VISOR NR. 1 \'NO. 6\'',20629),(6108913,'WALL ELEMENT, ROUND 3x6x6',87926),(6109329,'PROFILE BRICK Ø15.83 W. CROSS',92947),(6110023,'TIP OF THE TAIL Ø6,47',40379),(6110055,'MINI UPPER PART NO. 2994',76382),(6111158,'MINI UPPER PART NO. 2995',76382),(6111232,'MINI LOWER PART \'NO. 843\'',20945),(6112428,'MINI HEAD \'NO. 1660\'',20994),(6112609,'MINI WIG NO. 18',18228),(6112735,'MINI HEAD \'NO. 1667\'',21049),(6112855,'MINI LOWER PART NO. 850',21074),(6114241,'MINI HEAD \'NO. 1674\'',21135),(6114266,'MINI UPPER PART NO. 3015',76382),(6114286,'MINI LOWER PART \'NO. 855\'',21137),(6114374,'TRIGGER FOR MINI SHOOTER',15392),(6115080,'PLATE ROUND W. 1 KNOB',18674),(6115086,'FOOT, PLATE',18971),(6115117,'WALL ELEMENT 1X4X2',14718),(6116608,'LIGHT SWORD - BLADE',21462),(6116797,'PLATE 2X2X2/3 W. 2. HOR. KNOB',99206),(6117564,'MINI UPPER PART NO. 3007',76382),(6117967,'ANGLE PLATE 1X2 / 2X2',21712),(6117972,'ANGLE PLATE 1X2 / 2X2',21712),(6117973,'ANGLE PLATE 1X2 / 2X2',21712),(6118815,'MINI HEAD NO \'1709\'',21725),(6121350,'NOSE CONE SMALL 1X1',59900),(6123809,'BRICK 1X2X1 2/3 W/4 KNOBS',22885),(6125719,'LUKE SKYWALKER WIG',92746),(6126083,'PLATE 2X2 W 1 KNOB',23893),(6131896,'FLAT TILE 1X3',63864),(6132769,'PLATE 2X2X2/3 W. 2. HOR. KNOB',99206),(6132824,'TEAPOT',23986),(6133225,'1/2 CIRCLE PLATE 4X8',22888),(6133557,'BANNER 26 DEG. W. 2 HOLDERS',44676),(6133720,'ANGULAR PLATE 1.5 BOT. 1X2 2/2',99207),(6133724,'BRICK 1X2X2',3245),(6133811,'PLATE (A)  4M 45°',15706),(6134236,'WHEEL BEARING 4x4x2/3 W/4,85 HOLE',24326),(6138068,'PAN',4528),(6138634,'MAILBOX, CASING 2X2X2',4345),(6139343,'MINI FEATHER',88490),(6143401,'RIM WIDE W.HOLE Ø8.1 X 9',74967),(6143403,'WHEEL ARCH 2X4 W HORI.NOBS',93590),(6143412,'ROOF TILE 2X4 INV.',4871),(6143734,'MINI HEAD NO. \'1899\'',25898),(6143741,'MUDGUARD 4x4x1 1/3 W/4,85 HOLE',24151),(6143750,'MINI UPPER PART NO. 3334',76382),(6143757,'MINI HEAD NO.\'1891\'',25901),(6143771,'MINI UPPER PART NO.3336',76382),(6143816,'MINI HEAD \'NO. 1892\'',25908),(6143820,'MINI UPPER PART NO.. 3337',76382),(6143918,'MINI HEAD NO.\'1896\'',25956),(6143938,'MINI UPPER PART NO.3340',76382),(6143944,'MINI HEAD NO. \'1898\'',25960),(6144138,'PLATE W/ HALF BOW INV. 1X2X2/3',24201),(6144706,'MINI LEG',41879),(6144745,'MUDGUARD 4x4x1 1/3 W/4,85 HOLE',24151),(6144805,'SAUSAGE',25994),(6146060,'SKELETON ARM NO. 3',26158),(6146218,'WALL ELEMENT 1X2X1',26169),(6146219,'WALL ELEMENT 1X2X1',26169),(6146220,'WALL ELEMENT 1X2X1',26169),(6146223,'WALL ELEMENT 1X2X1',26169),(6146227,'WALL ELEMENT 1X2X1',26169),(6146234,'WALL ELEMENT 1X2X1',26169),(6146456,'MAILBOX, FRONT 2X2',4346),(6146858,'PLATE W. BOW  2X2X2/3',15068),(6151441,'CAPE, NO. 3',19888),(6151461,'BRICK 1X2 M. 2 HOLES Ø 4,87',32000),(6151728,'RIM WIDE W.CROSS 30x20',56145),(6152814,'ROOF TILE 1X2X2/3, ABS NO. 6',26823),(6153590,'MINI CLEAVER W/ Ø3,2 SHAFT',98369),(6156462,'PLATE 1X12',60479),(6157554,'PLATE 1X1 ROUND W/3.2 SHAFT',26047),(6159763,'CROSS AXLE 5M WITH END STOP',15462),(6160106,'MINI LEG',41879),(6162578,'HARPOON SPIKE',18041),(6164381,'ANTENNA 1X1X8',25699),(6166859,'TILE 2X2, DEG. 90, W/ DEG. 45 CUT',27263),(6167739,'DRAGON\'S FIRE',28618),(6167741,'DRAGON\'S FIRE',28618),(6168573,'ROOF TILE 1X3/25°',4286),(6168615,'ANGLE PLATE 1X2/1X4',28802),(6168642,'PL.ROUND 1X1 W. THROUGHG. HOLE',28626),(6168646,'PL.ROUND 1X1 W. THROUGHG. HOLE',28626),(6168647,'PL.ROUND 1X1 W. THROUGHG. HOLE',28626),(6170419,'STICK 6M W/FLANGE',28921),(6170421,'STICK 6M W/FLANGE',28921),(6170702,'ANG.BRICK 5X5, Ø4,85',28973),(6171060,'WINDOW ½ FOR FRAME 1X4X3',28961),(6171066,'BOTTOM 2X5X2 1/3',28964),(6171721,'FRONT, 2X2, SPORT',28659),(6171764,'GLOBE W. 3.2 STICK',28624),(6172115,'CROSS AXLE, EXTENSION, 2M',59443),(6172808,'BRICK 1X2X2',3245),(6173126,'TUBE, W/ DOUBLE 4.85 HOLE',29219),(6173959,'PLADE 1X1 M. 1 LOD. TAND',15070),(6174075,'GLOBE W. 3.2 STICK',29380),(6174411,'BRICK 1X2X2',3245),(6174856,'ANGULAR PLATE 1.5 BOT. 1X2 1/2',99780),(6175000,'1/2 CIRCLE PLATE 4X8',22888),(6175321,'RONS WIG',40240),(6175367,'FLAT TILE 2X3',26603),(6175943,'STONE 1X2X1 1/3 W. 2 PLATES 2X2',11215),(6175968,'BRICK 1X1, W/ 2 KNOBS, CORNER',26604),(6177146,'FLAT TILE 1X1',3070),(6177535,'CORNER PLATE 1X2X2',2420),(6177697,'BRICK W. BOW 1X4',3659),(6178922,'BRICK 1X2 WITH CROSS HOLE',31493),(6179656,'FRONT 4X3X2/3, W/ BOW',31584),(6181575,'MINI TROPHY, W/ 3.2 SHAFT',31922),(6181713,'RIGHT PLATE 1X2, W/ BOW, 45 DEG. CUT',29119),(6181720,'LEFT PLATE 1X2, W/ BOW, 45 DEG. CUT',29120),(6182261,'PLANT, W/ PLATE 1X1, NO. 1',32607),(6182664,'NOSE CONE 2X2X2',14918),(6186673,'PLATE 1X1, W/ 3.2 SHAFT AND 1.5 HOLE',31561),(6186867,'PLATE 1X1, W/ 3.2 SHAFT AND 1.5 HOLE',31570),(6187008,'FLAT TILE 2X3',26603),(6189130,'FLAT TILE 2X3',26603),(6192037,'MINI HEAD, NO. 2264',33906),(6192171,'MINI HEAD, NO. 2265',33920),(6194410,'MINI WIG NO. 39',34283),(6195185,'DESIGN, PLATE 2X3, ROCK, NO. 1',27261),(6196591,'PLATE W. BOW 1X2X2/3',11477),(6196796,'KITCHEN EQUIPMENT NO. 4',34173),(6197967,'PARABOLIC RING',75937),(6198933,'BRICK 1X2, W/ 3.2 SHAFT, VERT. END',34816),(6199380,'MINI FIGURE HELMET, NO. 71, BOTTOM',32823),(6199770,'S-CAPE',19888),(6206150,'FLOWER 1X1',24866),(6206249,'BRICK 1X2 WITH CROSS HOLE',31493),(6208782,'CREATURE, NO. 64',35039),(6209722,'BRICK W. BOW 1X5X4',14395),(6210269,'PLATE 1X2, ROUNDED, NO. 1',35480),(6210307,'MINI BOWLER HAT',95674),(6210601,'MINI SHOVEL',3837),(6210759,'1/2 CIRCLE PLATE 2X6',18980),(6211448,'COLUMN Ø7,84',40244),(6213777,'PLATE 1X2',3023),(6214443,'ROOF TILE W. LATTICE 1x2x2/3',61409),(6215212,'PLATE, W/ HALF BOW, INV. 1X2X2/3',24201),(6215458,'MINI BACK PLATE,W/3,2 SHAFT',36452),(6218360,'PLATE 1X2',3023),(6218366,'PLATE 2X2, CORNER, 45 DEG.',26601),(6223225,'BRICK 1X1, W/ 2 KNOBS, CORNER',26604),(6224071,'WHIP',61975),(6224282,'BRICK Ø16 W. CROSS',6143),(6226541,'FX LIGHT 2X3X1 1/3, YELLOW',38625),(6227107,'WIG BOY',62810),(6227597,'MINI HEAD, NO. 2623',38823),(6227901,'LAMP, NO. 1',37776),(6228601,'ROOF TILE 1X2, DEG. 45, W/O KNOBS',28192),(6228923,'BRICK 1X1X1 2/3, W/ VERT. KNOBS',32952),(6229130,'PLANT, W/ PLATE 1X1, NO. 1',32607),(6232257,'TYRE FOR WEDGE-BELT WHEEL',2815),(6233038,'MINI LEG PART, NO. 2',37364),(6233910,'MINI HEAD, NO. 2667',39341),(6233922,'MINI WIG, NO. 204',36762),(6234116,'LAMP, NO. 1',37776),(6234157,'CORNER BRICK 2X2/45° OUTSIDE',3045),(6234159,'MINI WIG, NO. 214',37697),(6234347,'FROG',28841),(6234697,'MINI HEAD, NO. 2672',39435),(6234805,'SPIDER NO. 2',29111),(6234806,'SPIDER NO. 2',29111),(6234807,'CANDLE, NO. 1',37762),(6234994,'BARS FOR FRAME 1X2X2',38320),(6235092,'MINI HEAD, NO. 2676',39445),(6235180,'MINI UPPER PART, NO. 4416',76382),(6236205,'MINI UPPER PART, NO. 4426',76382),(6236271,'MINI HEAD, NO. 2688',39528),(6236300,'MINI UPPER PART, NO. 4431',76382),(6236386,'MINI UPPER PART, NO. 4432',76382),(6236629,'FLAT TILE 2X2, NO. 376',39616),(6236949,'BRICK 2X2 W/GROOVE A.CR.HOLE',39683),(6236986,'WIG, NO. 46',37784),(6237779,'TORSO, NO. 2',39772),(6237864,'LEFT ARM, NO. 2',38628),(6237868,'RIGHT ARM, NO. 2',38630),(6237878,'UMBRELLA NO. 1',27150),(6237879,'MINI HEAD, NO. 2709',39777),(6238669,'MINI ACCESSORY, NO. 6',36083),(6238674,'ROUND BRICK 1X1',35390),(6238677,'ROUND BRICK 1X1',35390),(6240225,'PLATE 1X1 ROUND',34823),(6240515,'ELEMENT SEPERATOR',31510),(6240532,'WINDSCREEN 2X4X2',35160),(6244796,'ANGULAR BRICK 1X1',35388),(6245275,'HANDLE',29176),(6245310,'PARABOLIC ELEMENT Ø16',35395),(6247204,'TURKEY, DRUMSTICK',42876),(6248496,'WALL DOUBLE CORNER 1X2X1',35391),(6248918,'GLASS DOOR FOR FRAME 1X4X6',35291),(6249418,'ANGULAR PLATE 1,5 TOP 1X2 1/2',99781),(6251289,'FLAT TILE 1X2',35386),(6252200,'SKELETON ARM NO. 3',33449),(6252667,'PLATE 1X4',3710),(6252787,'MINI HEAD, NO. 2770',45854),(6252790,'MINI UPPER PART, NO. 4537',76382),(6252799,'MINI LOWER PART NO. 2',21019),(6252838,'HOLDER Ø3.2 W/TUBE Ø3.2 HOLE',44873),(6252839,'MINI HEAD, NO. 2772',45848),(6252842,'MINI UPPER PART, NO. 4539',76382),(6253230,'WALL ELEMENT 1X2X2',35378),(6253815,'FLAME TRIBAL W/SHAFT Ø3.2 MM',18395),(6253828,'TIP OF THE TAIL Ø6,47',40379),(6254220,'CHEST LID 2X4',29336),(6254418,'MINI HEAD, NO. 2811',45958),(6254427,'MINI UPPER PART, NO. 4588',76382),(6254428,'MINI LOWER PART, NO. 1643',45962),(6256058,'GLAS FOR FRAME 1X4X6',35294),(6256585,'RIGHT ROOF TILE 2X3',6564),(6256588,'LEFT  ROOF TILE 2X3',6565),(6257060,'PLATE HALF CIRCLE 3x6 WITH CUT',18646),(6258159,'SAUSAGE',25994),(6258607,'FLAT TILE 1X1, ROUND',35380),(6258887,'CHAIN 16 M',39759),(6258990,'PLATE 1X1 ROUND',6141),(6262136,'WING RIGHT W/3.2 SHAFT',20312),(6262137,'WING LEFT W/3.2 SHAFT',20313),(6262138,'PLATE 1X1 W. UP RIGHT HOLDER',44842),(6262946,'FRAME 1X4X6',40289),(6262961,'FRAME 1X4X6',40289),(6264077,'EGG NO. 1',24946),(6265367,'MINI LEG PART, NO. 2',37364),(6265371,'MINI HEAD, NO. 2903',53127),(6265498,'MINI UPPER PART, NO. 4713',76382),(6265645,'MINI HEAD, NO. 2905',53146),(6265651,'MINI UPPER PART , NO. 4718',76382),(6265726,'MINI UPPER PART, NO. 4719',76382),(6266075,'MINI WIG, NO. 106',23187),(6266198,'MINI HEAD, NO. 2906',53153),(6266254,'MINI UPPER PART, NO. 4720',76382),(6266255,'MINI LEG PART, NO. 2',37364),(6266289,'MINI UPPER PART, NO. 4721',76382),(6266967,'LIMB ELEMENT',2417),(6266968,'LIMB ELEMENT',2417),(6266998,'MINI HEAD, NO. 2914',55641),(6267125,'VEGETABLE, NO. 3',51270),(6267623,'CREATURE, NO. 79',50100),(6268814,'LIMB ELEMENT, SMALL',2423),(6268815,'LIMB ELEMENT, SMALL',2423),(6268854,'FABULAND BROOM',4332),(6268855,'FABULAND BROOM',4332),(6268946,'STREAMER',4495),(6268947,'STREAMER',4495),(6268951,'STREAMER',4495),(6268955,'STREAMER',4495),(6268960,'QUIVER',4498),(6269077,'HORN 2,5M Ø3,2 WITH SHAFT',13564),(6269971,'PLANT, W/ 3.2 SHAFT, NO. 1',24855),(6270027,'MAGIC WAND, NO. 1',36752),(6270028,'MAGIC WAND, NO. 1',36752),(6270031,'MAGIC WAND, NO. 1',36752),(6270032,'MAGIC WAND, NO. 1',36752),(6270094,'TOOTH Ø3.2 SHAFT',87747),(6271165,'1/2 BUSH',42136),(6271820,'BUSH FOR CROSS AXLE',42798),(6273153,'BRICK 2X2 CIRCLE W/ CROSS',39223),(6275844,'BUSH FOR CROSS AXLE',42798),(6276850,'WALL 3X3X5, W/ ARCH, 1X4 CIRCLE',60373),(6276873,'BRICK 1X2 W/ DOUBLE SNAP',53540),(6276993,'PLATE 1X2 W/ SHAFT 12M',49546),(6278152,'STICK Ø 3.2 W. HOLDER',41005),(6278155,'STICK Ø 3.2 W. HOLDER',41005),(6278156,'STICK Ø 3.2 W. HOLDER',41005),(6278445,'CORNER PLATE 45 DEG. 4X4',30503),(6278470,'CHEST 2X4',4738),(6279767,'BOX 2X2, BOTTOM, NO. 1',59121),(6280160,'BOW',61537),(6281994,'LAMP HOLDER',41632),(6283610,'BOOK, NO. 2',29167),(6284163,'FLAT TILE 1X2, NO. 271',65720),(6284574,'FLAT TILE 1X1, ROUND',35381),(6286329,'PLATE 1X1X2/3, OUTSIDE BOW',49307),(6288220,'BION. EYE',48267),(6288614,'PLATE 2X4, W/ 2 KNOBS',65509),(6289248,'FEATHER',28661),(6289870,'BOW BRICK 1X3X2',33243),(6290532,'BRICK 1X2, OUTSIDE HALF BOW',37352),(6292957,'AXE HEAD W HOLE Ø 3.2',65042),(6296859,'ANGLE ELEMENT, 0 DEGREES [1]',42127),(6298487,'MINI LEG PART, NO.16',67638),(6299836,'FLAT TILE 1X2, NO. 287',67835),(6299838,'MINI HEAD, NO. 3229',67837),(6299842,'MINI LOWER PART, NO. 1910',67841),(6299951,'WALL 1/2 CIRCLE, 2X4X2 W/ CUTOUT, NO. 11',67886),(6300288,'GIANT NO. 1 RIGHT HAND',10126),(6300291,'GIANT NO. 1 LEFT HAND',10127),(6301313,'NOSE CONE SMALL 1X1',28701),(6301356,'WALL 2X2X5, 1/4 CIRCLE, W/ CUTOUT',30987),(6302259,'PLATE W. BOW 3X4X2/3 W. KNOBS',93604),(6302263,'PLATE 2X2 + ONE HULE Ø4,8',10247),(6302265,'PLATE W. BOWS 2X3½',47456),(6302268,'PLATE 4X4 ROUND W. SNAP',60474),(6308975,'MINI LOWER PART, NO.1907',68919),(6310283,'MINI UPPER PART, NO. 5185',76382),(6310369,'MINI UPPER PART, NO. 5195',76382),(6310401,'MINI HEAD, NO. 3234',67839),(6310406,'MINI UPPER PART, NO. 5193',76382),(6310418,'MINI UPPER PART, NO. 5194',76382),(6310419,'MINI WIG, NO. 206',36806),(6311445,'CHAIN 6 M',39890),(6313114,'PLATE 1X2 W. 1 HORIZONTAL SNAP',65458),(6313191,'PLATE 2X2 W. VERTICAL SNAP',49153),(6315573,'BOOK, NO. 3',28684),(6315782,'PLATE 1X1 ROUND',6141),(6315887,'HOLDER Ø3.2 W/TUBE Ø3.2 HOLE',44873),(6321305,'3M CONNECTOR PEG',39888),(6322905,'FLAT TILE 1X1, ROUND NO. 47',25313),(6327412,'HINGE 1X2 UPPER PART',65122),(6328162,'CORNER PLATE 10X10',92584),(6330189,'PLATE 1X1 W/ HOLDER',44860),(6330197,'BRICK 1X2 W. HORIZONTAL HOLDER',42925),(6331689,'PLATE 2X3 W. HOLDER',65886),(6331843,'CORNER PLATE 45 DEG. 4X4',30503),(6333212,'FLAT TILE 1X2, NO. 314',75773),(6335378,'PLATE 1X1 W/HOLDER VERTICAL',52738),(6336633,'DESIGN ELEMENT, 3X4X2/3, NO. 1',74169),(6336638,'WHEEL, DIA. 24X7, NO. 1',74214),(6336990,'PLATE 2X1 W/HOLDER,VERTICAL',42923),(6337268,'PLATE 1X2 W/HOLDER, VERTICAL',49563),(6342521,'FLAT TILE 2X2, NO. 500',78171),(6342615,'MINI LOWER PART, NO. 2095',78208),(6342616,'FLAT TILE 1X4, NO. 168',78209),(6342618,'WALL 4X16X10 W/ GATE, NO. 11',78211),(6342619,'WALL ELEMENT ROUND, 3X6X6, NO. 3',78212),(6342621,'MINI CREATURE HEAD, NO. 61',78215),(6342626,'DOG, NO. 32',78220),(6342627,'MINI CREATURE HEAD, NO. 60',78221),(6342678,'MINI ACCESSORY, NO. 8',76651),(6344022,'PLATE 1X1 W. UP RIGHT HOLDER',44842),(6346472,'COCKPIT W/ BOW 3X6X1',35299),(6346560,'HEADGEAR ACCESSORIES, NO. 1, W/ 1.5',45598),(6347310,'PLATE 1X2 W. VERTICAL GRIP',44861),(6348057,'PLATE 1X1 W. UP RIGHT HOLDER',44842),(6348063,'PLATE 2X3 W. HOLDER',65886),(6349371,'MINI UPPER PART, NO. 5622',76382),(6349380,'MINI UPPER PART, NO. 5623',76382),(6351292,'WHEEL SUSPENSION 2X4 W. SNAP',40687),(6352030,'PLATE 8X16X2/3, CIRCLE, W/ CUT OUT',74166),(6352696,'WAGGON BOTTOM 4X10',66118),(6353937,'OWL, NO. 11',79571),(6356406,'3.2 SHAFT W/ KNOB',79194),(6357268,'MINI UPPER PART, NO. 5745',76382),(6357747,'FLAME, NO. 1',37775),(6359225,'PLATE 2X2 W. BALL',67324),(6359231,'3.2 SHAFT W/ KNOB',79194),(6360111,'PLATE 1X1 W/HOLDER VERTICAL',52738),(6360296,'BRICK 1X1X1 1/3, W/ ARCH',32807),(6403106,'MINI WIG, NO. 214',80675);
/*!40000 ALTER TABLE `lego_pieces` ENABLE KEYS */;
UNLOCK TABLES;

--
-- Table structure for table `lego_sets`
--

DROP TABLE IF EXISTS `lego_sets`;
/*!40101 SET @saved_cs_client     = @@character_set_client */;
/*!50503 SET character_set_client = utf8mb4 */;
CREATE TABLE `lego_sets` (
  `id_LEGO_Set` int NOT NULL,
  `id_LEGO_Piece` int NOT NULL,
  `quantite_Piece` int NOT NULL,
  `id_LEGO_Theme` int NOT NULL,
  `id_Couleur` int NOT NULL,
  PRIMARY KEY (`id_LEGO_Set`,`id_LEGO_Piece`),
  KEY `id_LEGO_Piece` (`id_LEGO_Piece`),
  KEY `id_LEGO_Theme` (`id_LEGO_Theme`),
  KEY `id_Couleur` (`id_Couleur`),
  CONSTRAINT `lego_sets_ibfk_1` FOREIGN KEY (`id_LEGO_Piece`) REFERENCES `lego_pieces` (`id_LEGO_Piece`),
  CONSTRAINT `lego_sets_ibfk_2` FOREIGN KEY (`id_LEGO_Theme`) REFERENCES `lego_themes` (`id_LEGO_Theme`),
  CONSTRAINT `lego_sets_ibfk_3` FOREIGN KEY (`id_Couleur`) REFERENCES `lego_couleurs` (`id_Couleur`)
) ENGINE=InnoDB DEFAULT CHARSET=utf8mb4 COLLATE=utf8mb4_0900_ai_ci;
/*!40101 SET character_set_client = @saved_cs_client */;

--
-- Dumping data for table `lego_sets`
--

LOCK TABLES `lego_sets` WRITE;
/*!40000 ALTER TABLE `lego_sets` DISABLE KEYS */;
INSERT INTO `lego_sets` VALUES (2254,243126,2,7,1),(2254,300321,2,7,16),(2254,300421,2,7,16),(2254,302026,1,7,1),(2254,302221,1,7,16),(2254,302226,1,7,1),(2254,302321,2,7,16),(2254,306821,1,7,16),(2254,379526,1,7,1),(2254,403221,1,7,16),(2254,407026,1,7,1),(2254,614126,3,7,1),(2254,4109969,2,7,1),(2254,4114348,3,7,33),(2254,4117070,1,7,8),(2254,4125220,2,7,8),(2254,4129501,1,7,8),(2254,4140585,6,7,16),(2254,4142865,2,7,16),(2254,4161673,1,7,3),(2254,4185620,2,7,1),(2254,4209159,2,7,1),(2254,4210695,2,7,3),(2254,4211045,6,7,3),(2254,4211054,2,7,3),(2254,4211069,4,7,3),(2254,4211119,1,7,3),(2254,4211163,1,7,36),(2254,4211180,2,7,36),(2254,4211210,1,7,36),(2254,4211252,2,7,36),(2254,4211364,1,7,9),(2254,4211385,2,7,9),(2254,4211412,4,7,9),(2254,4211414,1,7,9),(2254,4211436,1,7,9),(2254,4211440,1,7,9),(2254,4211515,1,7,9),(2254,4211807,2,7,9),(2254,4215449,2,7,36),(2254,4221590,2,7,36),(2254,4221745,4,7,3),(2254,4225119,2,7,9),(2254,4243824,1,7,8),(2254,4252456,2,7,36),(2254,4261397,2,7,11),(2254,4262974,1,7,36),(2254,4265794,2,7,3),(2254,4267994,2,7,36),(2254,4273965,8,7,51),(2254,4278275,1,7,16),(2254,4278422,1,7,8),(2254,4285883,2,7,1),(2254,4289542,2,7,3),(2254,4291746,2,7,1),(2254,4512049,1,7,9),(2254,4513326,2,7,3),(2254,4517986,1,7,1),(2254,4521921,5,7,9),(2254,4528605,2,7,32),(2254,4533101,1,7,36),(2254,4533772,2,7,9),(2254,4538456,2,7,1),(2254,4558959,1,7,3),(2254,4565432,4,7,16),(2254,4569474,4,7,8),(2254,4611424,1,7,2),(2254,4617190,2,7,30),(2254,4619618,1,7,16),(2254,4619707,1,7,8),(2254,4619711,2,7,8),(2254,4619742,1,7,32),(2254,4619814,2,7,8),(2254,4622243,4,7,33),(2254,4626501,1,7,32),(2254,4626948,1,7,8),(2254,4632572,1,7,16),(2254,4640844,3,7,9),(2254,4641677,1,7,16),(2254,4666579,1,7,8),(2254,4667800,1,7,16),(2254,6010831,1,7,1),(2254,6011460,2,7,36),(2254,6011794,2,7,23),(2504,242026,4,7,1),(2504,244526,1,7,1),(2504,287726,3,7,1),(2504,300126,2,7,1),(2504,300926,4,7,1),(2504,301026,2,7,1),(2504,302226,1,7,1),(2504,302326,5,7,1),(2504,306221,4,7,16),(2504,306228,5,7,33),(2504,306826,2,7,1),(2504,306921,2,7,16),(2504,362321,2,7,16),(2504,366526,4,7,1),(2504,370026,8,7,1),(2504,370926,2,7,1),(2504,371026,2,7,1),(2504,374726,2,7,1),(2504,379521,1,7,16),(2504,379523,1,7,12),(2504,383126,4,7,1),(2504,428626,4,7,1),(2504,486524,2,7,2),(2504,612647,2,7,5),(2504,614101,12,7,23),(2504,614126,15,7,1),(2504,614321,4,7,16),(2504,614326,4,7,1),(2504,3200126,2,7,1),(2504,4107081,2,7,1),(2504,4109995,2,7,8),(2504,4113233,11,7,8),(2504,4113993,2,7,8),(2504,4114206,2,7,1),(2504,4114306,1,7,8),(2504,4114309,2,7,8),(2504,4114348,1,7,33),(2504,4118866,1,7,8),(2504,4121715,8,7,1),(2504,4140806,2,7,16),(2504,4142865,2,7,16),(2504,4143005,4,7,12),(2504,4157277,1,7,8),(2504,4177431,1,7,1),(2504,4179580,1,7,23),(2504,4185583,2,7,1),(2504,4206482,8,7,12),(2504,4210639,8,7,3),(2504,4210706,2,7,3),(2504,4210762,4,7,3),(2504,4210917,2,7,3),(2504,4210997,1,7,3),(2504,4210998,2,7,3),(2504,4211043,4,7,3),(2504,4211046,2,7,3),(2504,4211069,2,7,3),(2504,4211075,2,7,3),(2504,4211099,2,7,3),(2504,4211105,2,7,3),(2504,4211180,16,7,36),(2504,4211181,5,7,36),(2504,4211183,6,7,36),(2504,4211252,4,7,36),(2504,4211364,1,7,9),(2504,4211376,1,7,9),(2504,4211441,6,7,9),(2504,4211503,4,7,9),(2504,4211628,4,7,9),(2504,4211639,2,7,9),(2504,4211807,4,7,9),(2504,4225469,6,7,36),(2504,4244369,2,7,11),(2504,4246896,2,7,3),(2504,4256149,1,7,3),(2504,4260942,2,7,7),(2504,4265794,4,7,3),(2504,4273965,3,7,51),(2504,4278274,1,7,3),(2504,4278275,2,7,16),(2504,4289542,1,7,3),(2504,4504379,10,7,16),(2504,4509886,2,7,9),(2504,4514558,2,7,3),(2504,4514845,2,7,1),(2504,4520320,2,7,9),(2504,4520612,6,7,36),(2504,4520991,1,7,9),(2504,4529242,9,7,36),(2504,4535738,2,7,9),(2504,4538724,1,7,36),(2504,4542573,2,7,1),(2504,4544139,1,7,8),(2504,4550015,4,7,16),(2504,4566927,1,7,29),(2504,4600307,1,7,23),(2504,4600437,2,7,3),(2504,4600519,1,7,32),(2504,4602970,2,7,23),(2504,4602981,1,7,23),(2504,4609289,1,7,23),(2504,4609291,1,7,8),(2504,4609295,2,7,23),(2504,4611429,1,7,2),(2504,4611432,1,7,2),(2504,4611882,1,7,30),(2504,4611883,2,7,30),(2504,4612344,1,7,23),(2504,4612637,1,7,23),(2504,4612845,1,7,23),(2504,4612900,4,7,30),(2504,4612901,4,7,30),(2504,4614487,1,7,1),(2504,4614994,1,7,23),(2504,4639781,4,7,21),(2504,4641675,1,7,23),(2504,4666579,1,7,8),(2504,4667795,1,7,23),(2504,6011458,4,7,1),(2504,6011794,2,7,23),(2504,6022161,1,7,3),(2504,6037834,1,7,8),(2504,6074916,2,7,36),(2504,6172808,4,7,36),(2504,6278445,1,7,16),(2504,6331843,1,7,12),(2508,242328,1,7,33),(2508,300526,3,7,1),(2508,304826,2,7,1),(2508,306826,6,7,1),(2508,346026,2,7,1),(2508,362226,6,7,1),(2508,366526,1,7,1),(2508,370026,2,7,1),(2508,370126,2,7,1),(2508,415026,2,7,1),(2508,452226,1,7,1),(2508,614101,4,7,23),(2508,614126,6,7,1),(2508,4113988,1,7,8),(2508,4114206,1,7,1),(2508,4121715,4,7,1),(2508,4129872,2,7,13),(2508,4140806,1,7,16),(2508,4142135,1,7,1),(2508,4144024,2,7,1),(2508,4173970,2,7,1),(2508,4177430,1,7,1),(2508,4191414,2,7,9),(2508,4210794,2,7,3),(2508,4210865,1,7,3),(2508,4211000,1,7,3),(2508,4211050,1,7,3),(2508,4211054,1,7,3),(2508,4211063,1,7,3),(2508,4211129,1,7,3),(2508,4211152,4,7,36),(2508,4211180,16,7,36),(2508,4211181,2,7,36),(2508,4211186,2,7,36),(2508,4211197,2,7,36),(2508,4211199,4,7,36),(2508,4211200,1,7,36),(2508,4211359,2,7,9),(2508,4211388,3,7,9),(2508,4211389,4,7,9),(2508,4211397,2,7,9),(2508,4211573,2,7,9),(2508,4212414,4,7,16),(2508,4220539,2,7,1),(2508,4223683,1,7,36),(2508,4225469,4,7,36),(2508,4225823,2,7,36),(2508,4244627,2,7,9),(2508,4260707,1,7,3),(2508,4264031,2,7,36),(2508,4264755,1,7,36),(2508,4273590,1,7,1),(2508,4277932,1,7,1),(2508,4278013,1,7,37),(2508,4294180,3,7,3),(2508,4499858,1,7,3),(2508,4504376,2,7,36),(2508,4508553,1,7,3),(2508,4514553,2,7,12),(2508,4515374,2,7,9),(2508,4518606,2,7,41),(2508,4520307,1,7,3),(2508,4520612,1,7,36),(2508,4520991,1,7,9),(2508,4529727,1,7,3),(2508,4529728,1,7,3),(2508,4535738,2,7,9),(2508,4536675,2,7,32),(2508,4539091,1,7,28),(2508,4540865,1,7,5),(2508,4549997,1,7,9),(2508,4550017,1,7,1),(2508,4556158,2,7,1),(2508,4558170,1,7,1),(2508,4560182,1,7,1),(2508,4562805,2,7,16),(2508,4565452,1,7,8),(2508,4588003,4,7,16),(2508,4602970,2,7,23),(2508,4609295,2,7,23),(2508,4609726,1,7,8),(2508,4611424,1,7,2),(2508,4611703,1,7,3),(2508,4611882,1,7,30),(2508,4611883,1,7,30),(2508,4612346,1,7,23),(2508,4612645,1,7,16),(2508,4612900,2,7,30),(2508,4614404,1,7,32),(2508,4623595,1,7,10),(2508,4623786,1,7,23),(2508,4624209,1,7,1),(2508,4630045,1,7,8),(2508,4636105,2,7,30),(2508,4641677,1,7,16),(2508,4667796,1,7,16),(2508,6030718,1,7,1),(2516,242026,1,7,1),(2516,302321,1,7,16),(2516,395726,1,7,1),(2516,403223,2,7,12),(2516,449726,1,7,1),(2516,614101,3,7,32),(2516,614126,1,7,1),(2516,4109969,1,7,1),(2516,4114206,1,7,1),(2516,4114348,1,7,33),(2516,4140588,1,7,1),(2516,4142865,1,7,16),(2516,4211087,1,7,3),(2516,4211111,1,7,3),(2516,4211200,1,7,36),(2516,4211219,2,7,36),(2516,4500517,1,7,3),(2516,4504376,2,7,36),(2516,4504379,2,7,16),(2516,4507139,1,7,36),(2516,4515349,1,7,2),(2516,4523159,4,7,23),(2516,4523339,1,7,1),(2516,4535738,1,7,9),(2516,4536677,1,7,41),(2516,4542586,1,7,3),(2516,4550017,1,7,1),(2516,4563682,2,7,16),(2516,4566308,1,7,1),(2516,4584274,1,7,1),(2516,4588003,1,7,16),(2516,4611426,1,7,2),(2516,4612652,1,7,1),(2516,4646772,1,7,1),(2516,4667794,1,7,1),(3177,9566,1,4,12),(3177,74040,1,4,33),(3177,244126,1,4,1),(3177,302001,1,4,23),(3177,302201,2,4,23),(3177,302328,4,4,33),(3177,306901,1,4,23),(3177,362201,2,4,23),(3177,371001,1,4,23),(3177,486501,1,4,23),(3177,3005740,2,4,21),(3177,4191191,1,4,1),(3177,4201019,1,4,6),(3177,4210631,1,4,3),(3177,4211235,1,4,36),(3177,4496442,1,4,4),(3177,4504369,2,4,23),(3177,4508215,4,4,1),(3177,4515373,2,4,1),(3177,4527637,1,4,23),(3177,4535553,1,4,41),(3177,4537987,1,4,23),(3177,4570026,1,4,23),(3177,4570043,1,4,2),(3177,4600178,1,4,1),(3177,4600181,1,4,23),(3177,4615649,2,4,23),(3177,6011375,4,4,9),(3180,9327,1,4,23),(3180,9553,1,4,2),(3180,243101,1,4,23),(3180,243128,1,4,33),(3180,300328,1,4,33),(3180,300528,2,4,33),(3180,302021,4,4,16),(3180,302221,1,4,16),(3180,302321,4,4,16),(3180,302324,2,4,2),(3180,306901,2,4,23),(3180,306921,1,4,16),(3180,366601,4,4,23),(3180,366628,1,4,33),(3180,370901,1,4,23),(3180,370926,1,4,1),(3180,371001,3,4,23),(3180,371021,1,4,16),(3180,371028,1,4,33),(3180,379501,2,4,23),(3180,379528,2,4,33),(3180,389921,1,4,16),(3180,407924,1,4,2),(3180,448826,8,4,1),(3180,459921,1,4,16),(3180,602026,1,4,1),(3180,3005741,4,4,6),(3180,4106356,1,4,33),(3180,4111844,1,4,33),(3180,4113261,4,4,23),(3180,4116671,2,4,33),(3180,4121715,4,4,1),(3180,4124096,1,4,1),(3180,4141630,2,4,2),(3180,4164073,1,4,2),(3180,4170457,8,4,23),(3180,4173328,1,4,4),(3180,4195059,3,4,33),(3180,4195061,3,4,23),(3180,4206482,1,4,12),(3180,4210631,14,4,3),(3180,4210651,1,4,3),(3180,4210706,1,4,3),(3180,4210797,2,4,3),(3180,4211001,1,4,3),(3180,4211042,5,4,3),(3180,4211052,1,4,3),(3180,4211053,3,4,3),(3180,4211056,1,4,3),(3180,4211065,1,4,3),(3180,4211095,1,4,3),(3180,4211096,2,4,3),(3180,4211358,1,4,9),(3180,4211385,2,4,9),(3180,4211388,2,4,9),(3180,4211394,1,4,9),(3180,4211396,2,4,9),(3180,4211414,2,4,9),(3180,4211445,2,4,9),(3180,4211452,1,4,9),(3180,4211469,1,4,9),(3180,4211481,6,4,9),(3180,4211568,2,4,9),(3180,4211632,1,4,9),(3180,4215513,2,4,9),(3180,4218697,1,4,33),(3180,4221775,2,4,9),(3180,4222960,6,4,11),(3180,4225201,2,4,1),(3180,4228198,1,4,9),(3180,4243831,1,4,3),(3180,4244362,2,4,21),(3180,4255035,5,4,16),(3180,4255629,1,4,9),(3180,4256320,2,4,2),(3180,4259940,6,4,23),(3180,4260942,2,4,7),(3180,4261470,1,4,23),(3180,4261565,1,4,23),(3180,4262022,1,4,2),(3180,4262023,1,4,1),(3180,4275827,1,4,12),(3180,4277927,5,4,9),(3180,4294180,4,4,3),(3180,4506727,1,4,2),(3180,4546705,2,4,33),(3180,4550348,2,4,2),(3180,4558850,1,4,20),(3180,4558952,5,4,23),(3180,4560929,1,4,23),(3180,4567338,2,4,11),(3180,4567909,1,4,12),(3180,4567914,1,4,33),(3180,4567918,1,4,33),(3180,4568155,1,4,9),(3180,4568644,8,4,1),(3180,4594238,2,4,9),(3180,4594243,2,4,9),(3180,4610112,1,4,9),(3180,4638658,2,4,4),(3180,6117967,5,4,9),(3221,9341,2,4,12),(3221,9566,1,4,12),(3221,244526,3,4,1),(3221,249521,1,4,16),(3221,249626,1,4,1),(3221,292626,4,4,1),(3221,300124,2,4,2),(3221,300323,6,4,12),(3221,300423,2,4,12),(3221,300524,2,4,2),(3221,300924,6,4,2),(3221,301024,2,4,2),(3221,302001,2,4,23),(3221,302024,1,4,2),(3221,302121,1,4,16),(3221,302123,1,4,12),(3221,302223,10,4,12),(3221,302324,14,4,2),(3221,303324,3,4,2),(3221,306823,9,4,12),(3221,306826,2,4,1),(3221,306924,2,4,2),(3221,346021,2,4,16),(3221,362326,2,4,1),(3221,366626,1,4,1),(3221,371024,2,4,2),(3221,379524,2,4,2),(3221,389921,1,4,16),(3221,407923,1,4,12),(3221,614126,2,4,1),(3221,3005740,2,4,21),(3221,3005741,8,4,6),(3221,3200126,3,4,1),(3221,4107761,3,4,1),(3221,4124096,1,4,1),(3221,4157223,1,4,16),(3221,4160392,2,4,2),(3221,4160863,6,4,2),(3221,4173328,1,4,4),(3221,4189400,2,4,2),(3221,4190511,1,4,2),(3221,4190514,1,4,2),(3221,4204625,2,4,2),(3221,4211002,4,4,3),(3221,4211008,6,4,3),(3221,4211114,1,4,3),(3221,4211356,1,4,9),(3221,4211357,12,4,9),(3221,4211358,2,4,9),(3221,4211399,4,4,9),(3221,4211412,2,4,9),(3221,4211414,4,4,9),(3221,4211438,3,4,9),(3221,4211462,1,4,9),(3221,4211469,1,4,9),(3221,4211475,1,4,9),(3221,4211481,2,4,9),(3221,4211498,2,4,9),(3221,4211522,2,4,9),(3221,4211541,2,4,9),(3221,4211666,1,4,9),(3221,4211764,10,4,9),(3221,4222960,2,4,11),(3221,4225201,2,4,1),(3221,4226179,2,4,4),(3221,4226358,2,4,3),(3221,4243831,1,4,3),(3221,4244362,2,4,21),(3221,4261605,1,4,9),(3221,4263176,1,4,3),(3221,4275821,1,4,25),(3221,4288298,1,4,3),(3221,4288594,2,4,2),(3221,4501969,1,4,2),(3221,4506556,9,4,2),(3221,4507056,1,4,9),(3221,4521134,2,4,2),(3221,4521921,4,4,9),(3221,4535553,1,4,41),(3221,4538456,2,4,1),(3221,4540386,4,4,3),(3221,4542673,2,4,11),(3221,4550017,2,4,1),(3221,4562544,1,4,16),(3221,4568644,10,4,1),(3221,4570043,1,4,2),(3221,4570663,1,4,2),(3221,4571212,1,4,23),(3221,4580433,3,4,2),(3221,4580434,3,4,2),(3221,4593677,6,4,2),(3221,4615642,6,4,2),(3221,4622570,1,4,1),(3221,6018081,2,4,9),(3221,6024022,2,4,4),(3221,6024715,8,4,2),(3221,6044706,2,4,9),(3221,6117973,1,4,1),(3367,9327,1,4,23),(3367,244501,2,4,23),(3367,300101,2,4,23),(3367,300301,4,4,23),(3367,300401,3,4,23),(3367,300501,2,4,23),(3367,300901,2,4,23),(3367,301001,2,4,23),(3367,302001,6,4,23),(3367,302301,8,4,23),(3367,302326,7,4,1),(3367,302726,1,4,1),(3367,303226,1,4,1),(3367,303426,2,4,1),(3367,303701,2,4,23),(3367,303901,2,4,23),(3367,306921,4,4,16),(3367,346001,2,4,23),(3367,346026,2,4,1),(3367,362324,2,4,2),(3367,370526,4,4,1),(3367,371001,4,4,23),(3367,371021,8,4,16),(3367,379526,1,4,1),(3367,389921,1,4,16),(3367,395726,2,4,1),(3367,407923,1,4,12),(3367,614101,2,4,23),(3367,3005741,2,4,6),(3367,3005744,1,4,7),(3367,4107066,1,4,2),(3367,4121715,4,4,1),(3367,4140704,1,4,2),(3367,4142865,1,4,16),(3367,4159335,1,4,1),(3367,4160869,1,4,1),(3367,4161332,1,4,1),(3367,4161673,1,4,3),(3367,4161674,1,4,3),(3367,4163306,1,4,4),(3367,4181142,1,4,23),(3367,4193083,6,4,23),(3367,4194395,1,4,2),(3367,4210632,4,4,3),(3367,4210801,2,4,3),(3367,4211385,1,4,9),(3367,4211395,3,4,9),(3367,4211397,3,4,9),(3367,4211462,2,4,9),(3367,4211506,2,4,9),(3367,4211512,1,4,9),(3367,4211640,1,4,9),(3367,4211755,2,4,9),(3367,4211758,4,4,9),(3367,4218728,1,4,2),(3367,4222047,1,4,9),(3367,4222960,14,4,11),(3367,4233487,11,4,1),(3367,4246901,4,4,1),(3367,4251393,1,4,1),(3367,4251394,1,4,1),(3367,4256095,1,4,23),(3367,4256097,1,4,23),(3367,4261941,1,4,23),(3367,4271082,2,4,2),(3367,4278273,4,4,9),(3367,4288083,1,4,23),(3367,4500978,3,4,1),(3367,4501232,2,4,2),(3367,4514842,2,4,23),(3367,4514845,6,4,1),(3367,4516843,2,4,1),(3367,4519013,1,4,9),(3367,4521187,4,4,3),(3367,4529685,2,4,4),(3367,4534648,4,4,16),(3367,4547489,2,4,23),(3367,4556157,2,4,9),(3367,4558170,2,4,1),(3367,4560933,1,4,23),(3367,4567994,1,4,22),(3367,4598856,2,4,23),(3367,4599461,2,4,1),(3367,4600121,1,4,23),(3367,4602932,1,4,23),(3367,4603189,1,4,1),(3367,4603190,1,4,23),(3367,4603191,2,4,22),(3367,4610876,1,4,23),(3367,4647266,8,4,16),(3367,6051839,1,4,43),(3367,6092664,2,4,1),(3367,6328162,2,4,23),(7978,74011,2,6,1),(7978,241926,1,6,1),(7978,242021,2,6,16),(7978,244426,1,6,1),(7978,300226,1,6,1),(7978,300301,1,6,23),(7978,302023,3,6,12),(7978,302121,1,6,16),(7978,302421,1,6,16),(7978,366626,2,6,1),(7978,370526,1,6,1),(7978,371021,3,6,16),(7978,371026,1,6,1),(7978,379426,5,6,1),(7978,379526,2,6,1),(7978,393726,3,6,1),(7978,393821,1,6,16),(7978,403201,1,6,23),(7978,613421,2,6,16),(7978,654124,2,6,2),(7978,654126,3,6,1),(7978,3003126,1,6,1),(7978,3005740,1,6,21),(7978,3005741,2,6,6),(7978,3005748,2,6,50),(7978,4106552,1,6,1),(7978,4113955,1,6,50),(7978,4114505,1,6,49),(7978,4118897,1,6,16),(7978,4119483,1,6,10),(7978,4121715,1,6,1),(7978,4142865,1,6,16),(7978,4161403,1,6,1),(7978,4164037,7,6,17),(7978,4181138,2,6,16),(7978,4198367,2,6,1),(7978,4206482,2,6,12),(7978,4206504,1,6,48),(7978,4210210,2,6,17),(7978,4211469,1,6,9),(7978,4211807,1,6,9),(7978,4211881,1,6,9),(7978,4233489,1,6,33),(7978,4239601,2,6,2),(7978,4245570,3,6,44),(7978,4253815,1,6,1),(7978,4255624,6,6,44),(7978,4265357,4,6,44),(7978,4266666,1,6,44),(7978,4279734,2,6,17),(7978,4294148,2,6,44),(7978,4504375,4,6,44),(7978,4515365,2,6,16),(7978,4517925,2,6,1),(7978,4518214,1,6,44),(7978,4520782,3,6,16),(7978,4523159,2,6,32),(7978,4530712,1,6,29),(7978,4539060,2,6,28),(7978,4540040,2,6,2),(7978,4541394,1,6,32),(7978,4542590,1,6,9),(7978,4547489,1,6,23),(7978,4556157,1,6,9),(7978,4566256,7,6,23),(7978,4567520,2,6,10),(7978,4568387,2,6,23),(7978,4569733,1,6,1),(7978,4569900,2,6,17),(7978,4570003,1,6,2),(7978,4583837,3,6,44),(7978,4587498,1,6,1),(7978,4588003,11,6,16),(7978,4595077,1,6,32),(7978,4598528,2,6,1),(7978,4599743,1,6,48),(7978,4611109,1,6,7),(7978,4611904,1,6,32),(7978,4612418,3,6,44),(7978,4612725,2,6,44),(7978,4612728,2,6,44),(7978,4612729,2,6,44),(7978,4612730,4,6,17),(7978,4612732,2,6,44),(7978,4612828,1,6,30),(7978,4613444,1,6,30),(7978,4613550,1,6,9),(7978,4613918,2,6,2),(7978,4614153,1,6,3),(7978,4614155,1,6,3),(7978,4621604,1,6,48),(7978,4632566,4,6,23),(7978,4650644,2,6,23),(7978,4650647,1,6,8),(7978,6006739,1,6,1),(7978,6110023,2,6,23),(7978,6117967,8,6,9),(7978,6168573,5,6,44),(7978,6278470,1,6,32),(7984,74156,3,6,2),(7984,241221,5,6,16),(7984,243124,3,6,2),(7984,300301,1,6,23),(7984,300921,2,6,16),(7984,302121,1,6,16),(7984,302201,1,6,23),(7984,302224,2,6,2),(7984,303421,4,6,16),(7984,306224,2,6,2),(7984,366621,2,6,16),(7984,371001,2,6,23),(7984,373726,1,6,1),(7984,379524,1,6,2),(7984,383224,1,6,2),(7984,403223,2,6,12),(7984,403224,1,6,2),(7984,415021,2,6,16),(7984,3005741,1,6,6),(7984,3005744,8,6,7),(7984,3005748,1,6,50),(7984,4113917,1,6,8),(7984,4113954,1,6,6),(7984,4114001,1,6,8),(7984,4118897,2,6,16),(7984,4119483,1,6,10),(7984,4121715,2,6,1),(7984,4140588,2,6,1),(7984,4142869,2,6,16),(7984,4153044,2,6,1),(7984,4207715,2,6,16),(7984,4210631,2,6,3),(7984,4210651,2,6,3),(7984,4210875,1,6,3),(7984,4211000,12,6,3),(7984,4211065,3,6,3),(7984,4211111,2,6,3),(7984,4211185,1,6,36),(7984,4211396,1,6,9),(7984,4211622,2,6,9),(7984,4211639,1,6,9),(7984,4213374,2,6,1),(7984,4213607,4,6,3),(7984,4216656,2,6,2),(7984,4225923,2,6,16),(7984,4225973,2,6,3),(7984,4239601,2,6,2),(7984,4248937,1,6,21),(7984,4251162,2,6,16),(7984,4277928,4,6,3),(7984,4278359,2,6,1),(7984,4289542,1,6,3),(7984,4294148,2,6,44),(7984,4296548,4,6,16),(7984,4497253,1,6,3),(7984,4497943,2,6,6),(7984,4499858,2,6,3),(7984,4504379,2,6,16),(7984,4514553,2,6,12),(7984,4514558,1,6,3),(7984,4515347,1,6,23),(7984,4515349,2,6,2),(7984,4515374,2,6,9),(7984,4519010,1,6,2),(7984,4520320,2,6,9),(7984,4521187,7,6,3),(7984,4523159,2,6,32),(7984,4525236,4,6,1),(7984,4533742,2,6,16),(7984,4539385,2,6,1),(7984,4540382,2,6,16),(7984,4541394,1,6,32),(7984,4549886,3,6,3),(7984,4549999,4,6,3),(7984,4556153,3,6,16),(7984,4560179,2,6,16),(7984,4566927,1,6,29),(7984,4567338,1,6,11),(7984,4567411,1,6,3),(7984,4568734,2,6,3),(7984,4581308,3,6,16),(7984,4581525,2,6,16),(7984,4587501,1,6,1),(7984,4595077,1,6,32),(7984,4598528,8,6,1),(7984,4599960,1,6,3),(7984,4602942,5,6,7),(7984,4604304,1,6,1),(7984,4609774,1,6,30),(7984,4610674,1,6,7),(7984,4611109,1,6,7),(7984,4611703,2,6,3),(7984,4612418,2,6,44),(7984,4612720,2,6,16),(7984,4612827,2,6,30),(7984,4612828,2,6,30),(7984,4612829,1,6,30),(7984,4613444,1,6,30),(7984,4613550,1,6,9),(7984,4613736,2,6,1),(7984,4613918,2,6,2),(7984,4614153,1,6,3),(7984,4614155,1,6,3),(7984,4614461,8,6,30),(7984,4614508,1,6,6),(7984,4614518,1,6,3),(7984,4614552,1,6,3),(7984,4615095,1,6,2),(7984,4619760,1,6,3),(7984,4632566,2,6,23),(7984,4650644,4,6,23),(7984,4650646,1,6,16),(7984,4650647,1,6,8),(7984,4666579,2,6,8),(7984,6005773,1,6,28),(7984,6006739,4,6,1),(7984,6008483,5,6,30),(7984,6053011,10,6,16),(7984,6256585,1,6,16),(7984,6256588,1,6,16),(7984,6278470,1,6,32),(10776,9341,1,2,12),(10776,9566,1,2,12),(10776,243221,1,2,16),(10776,281721,1,2,16),(10776,300123,2,2,12),(10776,300424,6,2,2),(10776,302024,2,2,2),(10776,302126,1,2,1),(10776,302223,4,2,12),(10776,302224,1,2,2),(10776,306901,1,2,23),(10776,306924,3,2,2),(10776,365921,3,2,16),(10776,366623,3,2,12),(10776,366624,2,2,2),(10776,370826,1,2,1),(10776,370923,1,2,12),(10776,379524,1,2,2),(10776,389921,1,2,16),(10776,395726,1,2,1),(10776,407901,2,2,23),(10776,434926,1,2,1),(10776,4140586,1,2,12),(10776,4181139,1,2,12),(10776,4210631,1,2,3),(10776,4211051,1,2,3),(10776,4211054,2,2,3),(10776,4211474,2,2,9),(10776,4211512,1,2,9),(10776,4223363,1,2,9),(10776,4244627,2,2,9),(10776,4256320,1,2,2),(10776,4515367,1,2,2),(10776,4600294,1,2,23),(10776,4633914,2,2,16),(10776,4651524,2,2,16),(10776,6003002,1,2,18),(10776,6031056,1,2,9),(10776,6046379,2,2,16),(10776,6055065,2,2,12),(10776,6066097,3,2,9),(10776,6070784,1,2,2),(10776,6071261,1,2,3),(10776,6074910,2,2,16),(10776,6083618,1,2,16),(10776,6092956,1,2,9),(10776,6102138,1,2,16),(10776,6105976,4,2,16),(10776,6123809,1,2,9),(10776,6126083,2,2,3),(10776,6133225,1,2,17),(10776,6144805,2,2,16),(10776,6152814,1,2,3),(10776,6167739,1,2,22),(10776,6167741,2,2,11),(10776,6168615,2,2,9),(10776,6170419,1,2,23),(10776,6171721,2,2,10),(10776,6182664,1,2,13),(10776,6189130,2,2,16),(10776,6198933,2,2,23),(10776,6236949,1,2,3),(10776,6238677,1,2,22),(10776,6240532,1,2,21),(10776,6245310,1,2,11),(10776,6251289,2,2,10),(10776,6253230,1,2,22),(10776,6257060,2,2,2),(10776,6266998,1,2,1),(10776,6278152,1,2,1),(10776,6279767,1,2,18),(10776,6289870,4,2,16),(10776,6290532,2,2,12),(10776,6301313,2,2,10),(10776,6313114,1,2,9),(10776,6330197,2,2,1),(10776,6336633,1,2,1),(10776,6336638,4,2,20),(10776,6342615,2,2,16),(10776,6342616,1,2,16),(10776,6342618,1,2,16),(10776,6342619,2,2,16),(10776,6342621,1,2,19),(10776,6342626,1,2,2),(10776,6342627,1,2,19),(10776,6346472,2,2,12),(10776,6346560,1,2,15),(10776,6349371,2,2,16),(10776,6349380,1,2,14),(10776,6352030,1,2,9),(10776,6352696,1,2,20),(30161,242026,2,1,1),(30161,302326,3,1,1),(30161,371026,1,1,1),(30161,379524,1,1,2),(30161,428726,2,1,1),(30161,612647,2,1,5),(30161,615726,2,1,1),(30161,663626,2,1,1),(30161,3003944,2,1,7),(30161,3005741,2,1,6),(30161,4184813,1,1,1),(30161,4211002,1,1,3),(30161,4211094,1,1,3),(30161,4243819,1,1,1),(30161,4244368,2,1,4),(30161,4246901,4,1,1),(30161,4248538,4,1,1),(30161,4277774,2,1,1),(30161,4529685,2,1,4),(30161,4541191,4,1,1),(30161,4600178,1,1,1),(30161,4647286,1,1,1),(30161,6030718,2,1,1),(30301,241926,2,1,1),(30301,302224,3,1,2),(30301,383226,1,1,1),(30301,4143875,1,1,1),(30301,4180508,2,1,1),(30301,4180536,2,1,1),(30301,4184813,1,1,1),(30301,4194746,2,1,7),(30301,4211065,1,1,3),(30301,4211376,2,1,9),(30301,4211406,1,1,9),(30301,4217722,1,1,4),(30301,4257526,2,1,3),(30301,4260942,2,1,7),(30301,4261397,1,1,11),(30301,4283046,2,1,1),(30301,4283047,2,1,1),(30301,4497952,2,1,10),(30301,4504382,2,1,1),(30301,4520320,2,1,9),(30301,4529241,1,1,9),(30301,4531412,1,1,1),(30301,4561035,1,1,1),(30301,4599499,2,1,1),(30301,4613153,2,1,1),(30301,4666579,1,1,8),(30301,6052126,1,1,1),(30301,6053077,1,1,1),(30301,6061025,1,1,2),(30392,614126,1,5,1),(30392,4185177,1,5,8),(30392,4211010,1,5,3),(30392,4211152,2,5,36),(30392,4211186,1,5,36),(30392,4211194,1,5,36),(30392,4596914,1,5,1),(30392,6050918,1,5,36),(30392,6100124,1,5,3),(30392,6139343,1,5,23),(30392,6186867,1,5,21),(30392,6236271,1,5,19),(30392,6270031,1,5,29),(30392,6283610,1,5,1),(30392,6284163,1,5,8),(30392,6288614,1,5,37),(30392,6299836,1,5,23),(30392,6315573,1,5,1),(30392,6315782,3,5,37),(30392,6333212,1,5,8),(30392,6342521,1,5,34),(30392,6348057,2,5,36),(30392,6353937,1,5,29),(30392,6356406,2,5,1),(30392,6357268,1,5,1),(30392,6403106,1,5,36),(75947,9339,1,5,1),(75947,306201,1,5,23),(75947,614126,5,5,1),(75947,4113233,2,5,8),(75947,4113917,12,5,8),(75947,4113993,1,5,8),(75947,4119479,2,5,13),(75947,4121715,10,5,1),(75947,4121921,2,5,8),(75947,4124067,1,5,8),(75947,4142865,1,5,16),(75947,4205107,1,5,8),(75947,4210651,2,5,3),(75947,4210848,10,5,3),(75947,4210869,5,5,3),(75947,4210872,5,5,3),(75947,4210998,4,5,3),(75947,4211000,2,5,3),(75947,4211043,1,5,3),(75947,4211053,4,5,3),(75947,4211055,2,5,3),(75947,4211065,1,5,3),(75947,4211088,4,5,3),(75947,4211104,10,5,3),(75947,4211133,2,5,3),(75947,4211135,2,5,3),(75947,4211157,1,5,36),(75947,4211159,5,5,36),(75947,4211186,6,5,36),(75947,4211190,3,5,36),(75947,4211194,2,5,36),(75947,4211204,1,5,36),(75947,4211206,3,5,36),(75947,4211211,1,5,36),(75947,4211247,2,5,36),(75947,4211363,1,5,9),(75947,4211394,7,5,9),(75947,4211397,2,5,9),(75947,4211401,1,5,9),(75947,4211442,1,5,9),(75947,4211461,4,5,9),(75947,4211469,1,5,9),(75947,4211483,4,5,9),(75947,4211512,2,5,9),(75947,4211881,1,5,9),(75947,4213607,2,5,3),(75947,4221590,1,5,36),(75947,4221744,9,5,36),(75947,4225469,2,5,36),(75947,4256828,1,5,3),(75947,4271949,2,5,36),(75947,4278422,6,5,8),(75947,4290149,5,5,3),(75947,4290150,5,5,3),(75947,4290713,1,5,1),(75947,4296788,2,5,3),(75947,4496699,11,5,29),(75947,4504378,4,5,3),(75947,4505068,1,5,3),(75947,4509897,2,5,8),(75947,4511896,3,5,14),(75947,4514553,1,5,12),(75947,4520638,1,5,36),(75947,4529241,2,5,9),(75947,4533101,1,5,36),(75947,4535930,2,5,3),(75947,4537056,1,5,9),(75947,4538950,1,5,41),(75947,4543086,3,5,3),(75947,4558169,1,5,9),(75947,4558953,6,5,9),(75947,4560183,1,5,9),(75947,4560184,6,5,3),(75947,4567887,5,5,3),(75947,4570451,1,5,29),(75947,4570877,2,5,37),(75947,4595814,3,5,36),(75947,4595889,1,5,36),(75947,4599498,1,5,9),(75947,4615606,1,5,37),(75947,4621917,2,5,3),(75947,4626196,1,5,36),(75947,4644102,1,5,9),(75947,4654580,3,5,9),(75947,4666322,2,5,37),(75947,6005030,1,5,41),(75947,6005225,1,5,41),(75947,6005668,1,5,3),(75947,6013658,2,5,3),(75947,6015344,13,5,9),(75947,6015356,2,5,3),(75947,6015449,4,5,29),(75947,6016279,1,5,1),(75947,6020193,2,5,1),(75947,6022199,2,5,41),(75947,6036485,4,5,8),(75947,6055225,2,5,44),(75947,6056383,5,5,38),(75947,6061702,4,5,9),(75947,6066097,5,5,9),(75947,6076674,1,5,38),(75947,6084573,4,5,36),(75947,6088641,1,5,30),(75947,6092590,2,5,36),(75947,6102138,2,5,16),(75947,6102756,1,5,30),(75947,6109329,3,5,41),(75947,6115080,7,5,3),(75947,6125719,1,5,37),(75947,6132824,1,5,23),(75947,6138068,1,5,32),(75947,6144138,4,5,9),(75947,6153590,1,5,30),(75947,6156462,1,5,8),(75947,6159763,2,5,36),(75947,6162578,2,5,30),(75947,6166859,2,5,1),(75947,6170421,1,5,1),(75947,6170702,4,5,1),(75947,6171060,2,5,1),(75947,6171066,1,5,1),(75947,6175943,1,5,38),(75947,6175968,3,5,8),(75947,6177146,2,5,38),(75947,6177535,2,5,38),(75947,6177697,1,5,36),(75947,6186673,1,5,36),(75947,6187008,6,5,3),(75947,6192171,1,5,19),(75947,6196591,4,5,48),(75947,6196796,1,5,30),(75947,6197967,2,5,31),(75947,6206150,7,5,13),(75947,6210307,1,5,1),(75947,6210601,1,5,30),(75947,6211448,1,5,41),(75947,6218360,3,5,38),(75947,6224071,1,5,1),(75947,6226541,1,5,21),(75947,6227597,1,5,19),(75947,6227901,1,5,1),(75947,6228923,6,5,3),(75947,6229130,4,5,33),(75947,6233038,1,5,12),(75947,6233922,1,5,1),(75947,6234347,1,5,36),(75947,6234805,1,5,38),(75947,6234807,1,5,23),(75947,6234994,3,5,1),(75947,6236629,1,5,8),(75947,6236949,1,5,3),(75947,6236986,1,5,41),(75947,6237779,1,5,38),(75947,6237864,1,5,38),(75947,6237868,1,5,38),(75947,6237878,1,5,46),(75947,6237879,1,5,19),(75947,6238674,1,5,7),(75947,6240515,1,5,14),(75947,6245275,1,5,29),(75947,6248496,2,5,1),(75947,6248918,2,5,36),(75947,6249418,2,5,40),(75947,6254220,1,5,36),(75947,6258887,1,5,3),(75947,6262136,1,5,3),(75947,6262137,1,5,3),(75947,6262961,4,5,9),(75947,6264077,1,5,8),(75947,6265367,1,5,29),(75947,6265371,1,5,19),(75947,6265498,1,5,25),(75947,6265645,1,5,1),(75947,6265651,1,5,1),(75947,6265726,1,5,1),(75947,6266075,1,5,36),(75947,6266198,1,5,19),(75947,6266254,1,5,28),(75947,6266255,1,5,3),(75947,6266289,1,5,46),(75947,6266967,1,5,44),(75947,6266968,1,5,33),(75947,6267125,4,5,14),(75947,6267623,1,5,9),(75947,6268814,2,5,33),(75947,6268815,5,5,35),(75947,6269077,2,5,36),(75947,6270028,1,5,36),(75947,6270031,1,5,29),(75947,6270032,1,5,41),(75947,6278156,5,5,9),(75947,6289248,2,5,5),(75947,6292957,1,5,30),(75947,6308975,1,5,1),(75947,6311445,1,5,3),(75947,6313114,6,5,9),(75947,6313191,1,5,1),(75947,6327412,4,5,9),(75947,6330189,1,5,1),(75947,6335378,3,5,9),(75947,6337268,2,5,9),(75947,6344022,1,5,3),(75947,6347310,2,5,1),(75947,6351292,1,5,20),(75947,6357747,2,5,11),(75947,6359225,1,5,9),(75947,6360111,2,5,3),(75947,6360296,4,5,38),(75956,9327,3,5,23),(75956,242023,1,5,12),(75956,300328,2,5,33),(75956,300421,4,5,16),(75956,300423,2,5,12),(75956,300424,4,5,2),(75956,300426,4,5,1),(75956,300523,2,5,12),(75956,300524,4,5,2),(75956,300526,4,5,1),(75956,300528,2,5,33),(75956,302028,1,5,33),(75956,302228,1,5,33),(75956,302321,2,5,16),(75956,302324,2,5,2),(75956,302421,5,5,16),(75956,302423,1,5,12),(75956,302424,7,5,2),(75956,302426,2,5,1),(75956,302428,1,5,33),(75956,303928,2,5,33),(75956,306821,1,5,16),(75956,306823,1,5,12),(75956,306824,1,5,2),(75956,362201,2,5,23),(75956,362323,5,5,12),(75956,362324,5,5,2),(75956,362326,5,5,1),(75956,366521,3,5,16),(75956,366523,1,5,12),(75956,366524,2,5,2),(75956,366526,3,5,1),(75956,366623,1,5,12),(75956,366624,2,5,2),(75956,366628,1,5,33),(75956,370526,1,5,1),(75956,371021,3,5,16),(75956,371024,3,5,2),(75956,379523,1,5,12),(75956,379524,2,5,2),(75956,379528,1,5,33),(75956,389424,2,5,2),(75956,486521,1,5,16),(75956,614121,2,5,16),(75956,614126,6,5,1),(75956,654121,5,5,16),(75956,654124,5,5,2),(75956,4107736,4,5,33),(75956,4107758,5,5,33),(75956,4107762,1,5,33),(75956,4109995,1,5,8),(75956,4113988,1,5,8),(75956,4114026,2,5,8),(75956,4114084,1,5,8),(75956,4114322,2,5,8),(75956,4114324,1,5,8),(75956,4121625,8,5,2),(75956,4121715,10,5,1),(75956,4121934,4,5,16),(75956,4121936,2,5,12),(75956,4121965,4,5,2),(75956,4121966,4,5,1),(75956,4121969,2,5,33),(75956,4121972,2,5,8),(75956,4140806,1,5,16),(75956,4142865,1,5,16),(75956,4142989,1,5,33),(75956,4143832,4,5,16),(75956,4157120,1,5,33),(75956,4163087,2,5,16),(75956,4173441,2,5,16),(75956,4179576,3,5,9),(75956,4189064,2,5,1),(75956,4206482,2,5,12),(75956,4208072,4,5,8),(75956,4210698,1,5,3),(75956,4210762,9,5,3),(75956,4211010,1,5,3),(75956,4211150,9,5,36),(75956,4211210,1,5,36),(75956,4211242,4,5,36),(75956,4211247,10,5,36),(75956,4211252,2,5,36),(75956,4211353,2,5,9),(75956,4211388,8,5,9),(75956,4211389,4,5,9),(75956,4211399,2,5,9),(75956,4211429,10,5,9),(75956,4211437,6,5,9),(75956,4211440,2,5,9),(75956,4211466,3,5,9),(75956,4211483,6,5,9),(75956,4211564,12,5,9),(75956,4211614,8,5,9),(75956,4216250,4,5,9),(75956,4221590,4,5,36),(75956,4221744,4,5,36),(75956,4267994,3,5,36),(75956,4271076,4,5,2),(75956,4279059,2,5,33),(75956,4495930,2,5,9),(75956,4514398,1,5,12),(75956,4515371,2,5,16),(75956,4515373,2,5,1),(75956,4515374,4,5,9),(75956,4521931,1,5,33),(75956,4529241,3,5,9),(75956,4533101,1,5,36),(75956,4538252,4,5,36),(75956,4538456,1,5,1),(75956,4565321,1,5,33),(75956,4565394,1,5,36),(75956,4568933,1,5,1),(75956,4593335,2,5,12),(75956,4596914,1,5,1),(75956,4598467,2,5,8),(75956,4613174,1,5,16),(75956,4618852,4,5,1),(75956,6012451,1,5,3),(75956,6031821,1,5,29),(75956,6035291,4,5,36),(75956,6036632,2,5,33),(75956,6051331,1,5,1),(75956,6061675,4,5,9),(75956,6061700,2,5,16),(75956,6061702,4,5,9),(75956,6065496,2,5,1),(75956,6079001,1,5,2),(75956,6084573,4,5,36),(75956,6092565,1,5,16),(75956,6092582,1,5,12),(75956,6092583,1,5,2),(75956,6092586,1,5,33),(75956,6092587,1,5,8),(75956,6093527,1,5,9),(75956,6097194,4,5,33),(75956,6102734,1,5,1),(75956,6112609,1,5,36),(75956,6114374,2,5,36),(75956,6115117,2,5,1),(75956,6116608,2,5,9),(75956,6118815,1,5,19),(75956,6133724,6,5,12),(75956,6138634,1,5,1),(75956,6146218,1,5,12),(75956,6146219,2,5,2),(75956,6146220,1,5,1),(75956,6146223,4,5,9),(75956,6146227,1,5,33),(75956,6146456,1,5,2),(75956,6151441,2,5,44),(75956,6151461,2,5,36),(75956,6160106,1,5,23),(75956,6168647,1,5,9),(75956,6172115,1,5,41),(75956,6174075,1,5,1),(75956,6174411,6,5,33),(75956,6174856,2,5,36),(75956,6175321,1,5,1),(75956,6181575,1,5,32),(75956,6182261,2,5,13),(75956,6192037,1,5,19),(75956,6199770,2,5,28),(75956,6210759,1,5,8),(75956,6227107,1,5,36),(75956,6232257,3,5,32),(75956,6233910,1,5,19),(75956,6233922,1,5,1),(75956,6234157,2,5,33),(75956,6234159,1,5,36),(75956,6234697,1,5,19),(75956,6235092,1,5,19),(75956,6235180,1,5,1),(75956,6236205,1,5,3),(75956,6236271,1,5,19),(75956,6236300,2,5,44),(75956,6236386,2,5,28),(75956,6244796,1,5,21),(75956,6252838,3,5,32),(75956,6254220,1,5,36),(75956,6256058,1,5,21),(75956,6262946,1,5,16),(75956,6268854,2,5,1),(75956,6268855,2,5,36),(75956,6268946,1,5,16),(75956,6268947,1,5,33),(75956,6268951,1,5,1),(75956,6268955,1,5,12),(75956,6269971,2,5,33),(75956,6270027,1,5,1),(75956,6270031,1,5,29),(75956,6275844,2,5,9),(75956,6276873,2,5,3),(75956,6276993,1,5,21),(75956,6281994,1,5,16),(75956,6284574,1,5,16),(75956,6288220,1,5,1),(75956,6289248,1,5,5),(75956,6296859,1,5,9),(75956,6308975,1,5,1),(75956,6321305,2,5,8),(75956,6322905,6,5,30),(75956,6331689,2,5,3),(75956,6342678,1,5,32),(75956,6348057,1,5,36),(75967,9339,1,5,1),(75967,302326,3,5,1),(75967,302426,4,5,1),(75967,370023,2,5,12),(75967,370526,1,5,1),(75967,390001,1,5,23),(75967,4113915,2,5,8),(75967,4113917,6,5,8),(75967,4114084,5,5,8),(75967,4114309,2,5,8),(75967,4118790,2,5,8),(75967,4118793,2,5,8),(75967,4121921,4,5,8),(75967,4124067,2,5,8),(75967,4124455,2,5,8),(75967,4140562,1,5,8),(75967,4140806,1,5,16),(75967,4159553,2,5,8),(75967,4159739,1,5,8),(75967,4162916,1,5,25),(75967,4205469,1,5,36),(75967,4205470,1,5,36),(75967,4211151,2,5,36),(75967,4211183,2,5,36),(75967,4211190,6,5,36),(75967,4211200,7,5,36),(75967,4211201,1,5,36),(75967,4211220,2,5,36),(75967,4211242,2,5,36),(75967,4211247,2,5,36),(75967,4211252,2,5,36),(75967,4211257,4,5,36),(75967,4234365,2,5,8),(75967,4243838,1,5,36),(75967,4273590,6,5,1),(75967,4504382,4,5,1),(75967,4518557,5,5,41),(75967,4523159,1,5,32),(75967,4526110,1,5,1),(75967,4537937,1,5,17),(75967,4550168,4,5,29),(75967,4550359,1,5,46),(75967,4585146,2,5,16),(75967,4600294,1,5,23),(75967,4624086,2,5,8),(75967,4624088,2,5,8),(75967,4624089,5,5,41),(75967,4644102,1,5,9),(75967,4666322,2,5,37),(75967,6013975,5,5,44),(75967,6015356,2,5,3),(75967,6035291,4,5,36),(75967,6039479,2,5,3),(75967,6043656,2,5,9),(75967,6055086,2,5,36),(75967,6055225,3,5,44),(75967,6062574,2,5,36),(75967,6069165,2,5,8),(75967,6092587,2,5,8),(75967,6096108,2,5,29),(75967,6097417,1,5,36),(75967,6102767,2,5,33),(75967,6131896,2,5,8),(75967,6132769,2,5,8),(75967,6146234,1,5,29),(75967,6146858,1,5,36),(75967,6157554,1,5,1),(75967,6168642,2,5,23),(75967,6173959,4,5,1),(75967,6174856,2,5,36),(75967,6175000,2,5,35),(75967,6175367,5,5,8),(75967,6178922,3,5,1),(75967,6181713,2,5,1),(75967,6181720,2,5,1),(75967,6192171,1,5,19),(75967,6194410,1,5,36),(75967,6195185,5,5,1),(75967,6209722,2,5,41),(75967,6214443,2,5,36),(75967,6218366,4,5,36),(75967,6223225,2,5,48),(75967,6224282,1,5,47),(75967,6229130,4,5,33),(75967,6234116,1,5,31),(75967,6234806,1,5,1),(75967,6238674,1,5,7),(75967,6247204,1,5,37),(75967,6252667,1,5,41),(75967,6258159,2,5,48),(75967,6258990,2,5,35),(75967,6262138,1,5,32),(75967,6265371,1,5,19),(75967,6266075,1,5,36),(75967,6266968,3,5,33),(75967,6268815,2,5,35),(75967,6268960,2,5,36),(75967,6270031,1,5,29),(75967,6270032,1,5,41),(75967,6276850,1,5,36),(75967,6278155,1,5,3),(75967,6280160,2,5,36),(75967,6286329,2,5,8),(75967,6298487,2,5,41),(75967,6299838,1,5,19),(75967,6299842,1,5,45),(75967,6299951,1,5,8),(75967,6300288,1,5,8),(75967,6300291,1,5,8),(75967,6301356,2,5,36),(75967,6302259,1,5,8),(75967,6302263,2,5,8),(75967,6302265,2,5,8),(75967,6302268,1,5,8),(75967,6310283,1,5,45),(75967,6310369,1,5,9),(75967,6310401,2,5,29),(75967,6310406,2,5,29),(75967,6310418,1,5,9),(75967,6310419,2,5,1),(75967,6347310,1,5,1),(76038,241226,2,3,1),(76038,242026,1,3,1),(76038,243226,2,3,1),(76038,265326,6,3,1),(76038,300226,1,3,1),(76038,300426,1,3,1),(76038,300926,1,3,1),(76038,302126,1,3,1),(76038,302326,2,3,1),(76038,302426,1,3,1),(76038,306221,1,3,16),(76038,346026,1,3,1),(76038,362226,2,3,1),(76038,366526,1,3,1),(76038,379401,2,3,23),(76038,393726,1,3,1),(76038,459921,1,3,16),(76038,614101,1,3,23),(76038,614126,6,3,1),(76038,663624,4,3,2),(76038,663626,4,3,1),(76038,3000240,2,3,21),(76038,3000841,2,3,6),(76038,3005741,8,3,6),(76038,3005743,3,3,10),(76038,3006840,1,3,21),(76038,3006841,6,3,6),(76038,3006843,3,3,10),(76038,4109810,2,3,1),(76038,4113261,1,3,23),(76038,4113917,2,3,8),(76038,4119483,1,3,10),(76038,4121715,2,3,1),(76038,4124096,1,3,1),(76038,4140588,2,3,1),(76038,4143005,2,3,12),(76038,4162916,1,3,25),(76038,4163917,20,3,22),(76038,4168345,1,3,27),(76038,4183544,3,3,22),(76038,4190187,2,3,6),(76038,4194746,3,3,7),(76038,4201062,2,3,8),(76038,4206482,2,3,12),(76038,4210639,2,3,3),(76038,4210651,2,3,3),(76038,4210678,1,3,3),(76038,4210719,4,3,3),(76038,4210984,1,3,3),(76038,4211043,2,3,3),(76038,4211053,7,3,3),(76038,4211065,2,3,3),(76038,4211095,2,3,3),(76038,4211098,12,3,3),(76038,4211100,2,3,3),(76038,4211104,2,3,3),(76038,4211107,3,3,3),(76038,4211114,2,3,3),(76038,4211115,4,3,3),(76038,4211356,1,3,9),(76038,4211363,2,3,9),(76038,4211387,2,3,9),(76038,4211388,5,3,9),(76038,4211389,16,3,9),(76038,4211394,6,3,9),(76038,4211395,4,3,9),(76038,4211396,1,3,9),(76038,4211398,14,3,9),(76038,4211406,1,3,9),(76038,4211419,4,3,9),(76038,4211420,1,3,9),(76038,4211421,1,3,9),(76038,4211437,2,3,9),(76038,4211438,2,3,9),(76038,4211445,1,3,9),(76038,4211452,1,3,9),(76038,4211461,2,3,9),(76038,4211475,2,3,9),(76038,4211488,2,3,9),(76038,4211494,2,3,9),(76038,4211503,1,3,9),(76038,4211522,7,3,9),(76038,4211773,2,3,9),(76038,4211860,2,3,9),(76038,4212075,2,3,3),(76038,4215472,8,3,9),(76038,4221745,6,3,3),(76038,4223767,4,3,3),(76038,4246896,4,3,3),(76038,4263176,1,3,3),(76038,4283912,6,3,22),(76038,4283915,8,3,22),(76038,4289538,2,3,1),(76038,4496699,2,3,29),(76038,4500517,10,3,3),(76038,4500812,4,3,3),(76038,4504378,2,3,3),(76038,4507047,1,3,29),(76038,4514192,2,3,9),(76038,4514553,1,3,12),(76038,4515351,1,3,9),(76038,4515368,4,3,1),(76038,4520320,2,3,9),(76038,4520636,2,3,23),(76038,4521921,2,3,9),(76038,4526110,1,3,1),(76038,4526932,1,3,9),(76038,4527767,1,3,9),(76038,4528604,1,3,29),(76038,4534648,2,3,16),(76038,4539481,2,3,9),(76038,4540382,4,3,16),(76038,4541191,1,3,1),(76038,4543086,2,3,3),(76038,4548180,1,3,1),(76038,4550329,1,3,29),(76038,4558169,1,3,9),(76038,4558957,1,3,1),(76038,4560178,1,3,23),(76038,4560184,4,3,3),(76038,4567887,5,3,3),(76038,4579354,2,3,3),(76038,4594238,1,3,9),(76038,4595710,1,3,3),(76038,4598526,4,3,9),(76038,4598528,1,3,1),(76038,4603191,2,3,22),(76038,4610762,1,3,32),(76038,4612575,4,3,16),(76038,4618874,1,3,9),(76038,4619636,2,3,30),(76038,4619665,1,3,23),(76038,4620079,2,3,3),(76038,4622575,1,3,23),(76038,4623236,2,3,3),(76038,4640026,1,3,22),(76038,4651063,2,3,9),(76038,4651524,4,3,16),(76038,4654448,1,3,14),(76038,4654582,1,3,9),(76038,4667222,7,3,22),(76038,6000606,1,3,3),(76038,6003298,1,3,26),(76038,6003610,1,3,19),(76038,6004439,1,3,24),(76038,6004729,1,3,9),(76038,6006739,2,3,1),(76038,6008350,1,3,28),(76038,6009015,1,3,22),(76038,6011459,2,3,9),(76038,6015424,1,3,29),(76038,6022905,11,3,22),(76038,6028812,1,3,9),(76038,6035540,2,3,29),(76038,6045718,2,3,9),(76038,6047276,2,3,1),(76038,6050679,2,3,25),(76038,6051331,2,3,1),(76038,6051334,6,3,3),(76038,6058160,1,3,30),(76038,6061702,2,3,9),(76038,6064030,7,3,9),(76038,6066124,3,3,22),(76038,6070495,6,3,22),(76038,6071226,2,3,3),(76038,6071229,8,3,9),(76038,6075066,2,3,9),(76038,6092570,2,3,1),(76038,6092572,4,3,3),(76038,6092583,8,3,2),(76038,6093683,1,3,21),(76038,6099483,4,3,1),(76038,6100030,1,3,3),(76038,6100942,4,3,22),(76038,6102553,1,3,16),(76038,6102734,4,3,1),(76038,6102769,3,3,9),(76038,6107536,2,3,25),(76038,6107539,1,3,28),(76038,6108913,1,3,9),(76038,6110055,1,3,25),(76038,6111158,1,3,28),(76038,6111232,1,3,28),(76038,6112428,1,3,19),(76038,6112735,2,3,5),(76038,6112855,2,3,23),(76038,6114241,1,3,21),(76038,6114266,1,3,31),(76038,6114286,1,3,31),(76038,6117564,2,3,23),(76038,6146060,1,3,23),(76038,6164381,1,3,9),(76038,6206249,2,3,9),(76064,9553,2,3,2),(76064,246021,1,3,16),(76064,302221,2,3,16),(76064,302323,2,3,12),(76064,462401,2,3,23),(76064,614126,1,3,1),(76064,4106552,1,3,1),(76064,4107085,2,3,1),(76064,4183653,1,3,12),(76064,4206482,2,3,12),(76064,4211219,1,3,36),(76064,4211358,2,3,9),(76064,4211506,2,3,9),(76064,4211535,2,3,9),(76064,4211807,1,3,9),(76064,4217722,1,3,4),(76064,4244368,2,3,4),(76064,4244369,2,3,11),(76064,4490082,1,3,34),(76064,4504380,1,3,12),(76064,4508215,4,3,1),(76064,4516843,4,3,1),(76064,4520320,2,3,9),(76064,4540386,2,3,3),(76064,4542391,2,3,33),(76064,4543857,1,3,12),(76064,4546705,4,3,33),(76064,4567338,2,3,11),(76064,4599984,1,3,1),(76064,4623199,2,3,23),(76064,4626361,1,3,12),(76064,4633691,3,3,30),(76064,4650498,2,3,21),(76064,6011375,2,3,9),(76064,6011380,2,3,23),(76064,6016483,2,3,35),(76064,6021539,2,3,33),(76064,6069163,2,3,12),(76064,6116797,1,3,12),(76064,6133557,2,3,33),(76064,6133720,1,3,12),(76064,6134236,2,3,9),(76064,6143734,1,3,16),(76064,6143741,1,3,33),(76064,6143750,1,3,12),(76064,6143816,1,3,13),(76064,6143820,1,3,34),(76064,6143944,1,3,14),(76064,6173126,1,3,16),(76066,73081,2,3,1),(76066,400626,1,3,1),(76066,3000841,2,3,6),(76066,3005740,2,3,21),(76066,4200798,1,3,4),(76066,4210660,2,3,3),(76066,4211219,1,3,36),(76066,4211358,1,3,9),(76066,4244369,2,3,11),(76066,4259422,1,3,9),(76066,4278013,1,3,37),(76066,4490082,1,3,34),(76066,4508215,8,3,1),(76066,4541978,2,3,9),(76066,4595836,2,3,9),(76066,4612901,2,3,30),(76066,4619636,1,3,30),(76066,4632571,2,3,1),(76066,4644102,2,3,9),(76066,4659335,5,3,30),(76066,6000606,1,3,3),(76066,6005101,1,3,13),(76066,6005102,1,3,13),(76066,6011382,4,3,1),(76066,6016483,3,3,35),(76066,6019987,2,3,3),(76066,6028812,2,3,9),(76066,6029948,4,3,3),(76066,6056383,1,3,38),(76066,6057390,2,3,34),(76066,6076609,1,3,39),(76066,6079896,1,3,1),(76066,6092591,1,3,29),(76066,6134236,2,3,9),(76066,6143401,4,3,13),(76066,6143403,1,3,34),(76066,6143412,1,3,34),(76066,6143757,1,3,13),(76066,6143771,1,3,13),(76066,6143918,1,3,30),(76066,6143938,1,3,30),(76066,6144706,1,3,30),(76066,6144745,1,3,9),(76066,6199380,1,3,30),(76113,9339,1,3,1),(76113,281721,1,3,16),(76113,302126,3,3,1),(76113,302228,2,3,33),(76113,303526,3,3,1),(76113,370626,2,3,1),(76113,371026,3,3,1),(76113,407021,2,3,16),(76113,407026,1,3,1),(76113,4121934,2,3,16),(76113,4142135,4,3,1),(76113,4143005,2,3,12),(76113,4201615,2,3,2),(76113,4211000,2,3,3),(76113,4211042,4,3,3),(76113,4211065,6,3,3),(76113,4211094,2,3,3),(76113,4211133,3,3,3),(76113,4218868,4,3,1),(76113,4225201,2,3,1),(76113,4261908,1,3,3),(76113,4278273,2,3,9),(76113,4499234,2,3,1),(76113,4504379,2,3,16),(76113,4515368,4,3,1),(76113,4515369,2,3,9),(76113,4518400,3,3,23),(76113,4527082,2,3,3),(76113,4529234,6,3,16),(76113,4540384,2,3,2),(76113,4540386,2,3,3),(76113,4543998,1,3,12),(76113,4550325,3,3,9),(76113,4567887,1,3,3),(76113,4613153,2,3,1),(76113,4619636,3,3,30),(76113,4654580,2,3,9),(76113,4654582,1,3,9),(76113,4654915,4,3,41),(76113,6020990,2,3,30),(76113,6028324,2,3,9),(76113,6028811,2,3,9),(76113,6031520,1,3,16),(76113,6045938,1,3,12),(76113,6046939,2,3,41),(76113,6051334,1,3,3),(76113,6052200,7,3,9),(76113,6055065,1,3,12),(76113,6057458,1,3,2),(76113,6061711,1,3,16),(76113,6074878,1,3,16),(76113,6083620,1,3,3),(76113,6092115,4,3,42),(76113,6092582,3,3,12),(76113,6092583,2,3,2),(76113,6102357,1,3,9),(76113,6102734,1,3,1),(76113,6115086,1,3,1),(76113,6117972,3,3,3),(76113,6121350,2,3,30),(76113,6133811,2,3,3),(76113,6151728,2,3,23),(76113,6168642,5,3,23),(76113,6168646,10,3,1),(76113,6171764,2,3,11),(76113,6179656,2,3,16),(76113,6208782,2,3,30),(76113,6210269,2,3,16),(76113,6213777,6,3,40),(76113,6215212,4,3,3),(76113,6215458,1,3,1),(76113,6228601,2,3,12),(76113,6238669,1,3,23),(76113,6240225,5,3,22),(76113,6252200,2,3,23),(76113,6252787,1,3,16),(76113,6252790,1,3,16),(76113,6252799,1,3,12),(76113,6252839,1,3,1),(76113,6252842,1,3,1),(76113,6253815,3,3,16),(76113,6253828,4,3,16),(76113,6254418,1,3,16),(76113,6254427,1,3,16),(76113,6254428,1,3,16),(76113,6258607,2,3,6),(76113,6270094,3,3,16),(76113,6271165,4,3,9),(76113,6271820,2,3,16),(76113,6273153,2,3,22),(76113,6276873,4,3,3),(76113,6315887,4,3,1),(76113,6336990,2,3,3),(76113,6337268,2,3,9),(76113,6347310,1,3,1),(76113,6348063,2,3,22),(76113,6359231,4,3,21);
/*!40000 ALTER TABLE `lego_sets` ENABLE KEYS */;
UNLOCK TABLES;

--
-- Table structure for table `lego_themes`
--

DROP TABLE IF EXISTS `lego_themes`;
/*!40101 SET @saved_cs_client     = @@character_set_client */;
/*!50503 SET character_set_client = utf8mb4 */;
CREATE TABLE `lego_themes` (
  `id_LEGO_Theme` int NOT NULL AUTO_INCREMENT,
  `nom_LEGO_Theme` varchar(45) NOT NULL,
  PRIMARY KEY (`id_LEGO_Theme`)
) ENGINE=InnoDB AUTO_INCREMENT=8 DEFAULT CHARSET=utf8mb4 COLLATE=utf8mb4_0900_ai_ci;
/*!40101 SET character_set_client = @saved_cs_client */;

--
-- Dumping data for table `lego_themes`
--

LOCK TABLES `lego_themes` WRITE;
/*!40000 ALTER TABLE `lego_themes` DISABLE KEYS */;
INSERT INTO `lego_themes` VALUES (1,'Batman'),(2,'Disney'),(3,'Marvel'),(4,'City'),(5,'Harry Potter'),(6,'Atlantis'),(7,'Ninjago');
/*!40000 ALTER TABLE `lego_themes` ENABLE KEYS */;
UNLOCK TABLES;

--
-- Table structure for table `livraisons magasins clients`
--

DROP TABLE IF EXISTS `livraisons magasins clients`;
/*!40101 SET @saved_cs_client     = @@character_set_client */;
/*!50503 SET character_set_client = utf8mb4 */;
CREATE TABLE `livraisons magasins clients` (
  `id_Commande_Client` int NOT NULL,
  `id_Magasin` int NOT NULL,
  PRIMARY KEY (`id_Commande_Client`,`id_Magasin`),
  KEY `id_Magasin` (`id_Magasin`),
  CONSTRAINT `livraisons magasins clients_ibfk_1` FOREIGN KEY (`id_Commande_Client`) REFERENCES `commandes clients` (`id_Commande_Client`),
  CONSTRAINT `livraisons magasins clients_ibfk_2` FOREIGN KEY (`id_Magasin`) REFERENCES `magasins` (`id_Magasin`)
) ENGINE=InnoDB DEFAULT CHARSET=utf8mb4 COLLATE=utf8mb4_0900_ai_ci;
/*!40101 SET character_set_client = @saved_cs_client */;

--
-- Dumping data for table `livraisons magasins clients`
--

LOCK TABLES `livraisons magasins clients` WRITE;
/*!40000 ALTER TABLE `livraisons magasins clients` DISABLE KEYS */;
INSERT INTO `livraisons magasins clients` VALUES (1,1),(2,1),(5,1),(18,1),(20,1),(3,2),(4,2),(7,2),(14,2),(17,2),(23,2),(28,2),(29,2),(6,3),(8,3),(9,3),(10,3),(11,3),(30,3),(12,4),(13,4),(21,4),(15,5),(16,5),(19,5),(22,5),(24,5),(25,5),(26,5),(27,5);
/*!40000 ALTER TABLE `livraisons magasins clients` ENABLE KEYS */;
UNLOCK TABLES;

--
-- Table structure for table `livraisons magasins fournisseurs`
--

DROP TABLE IF EXISTS `livraisons magasins fournisseurs`;
/*!40101 SET @saved_cs_client     = @@character_set_client */;
/*!50503 SET character_set_client = utf8mb4 */;
CREATE TABLE `livraisons magasins fournisseurs` (
  `id_Commande_Fournisseur` int NOT NULL,
  `id_Magasin` int NOT NULL,
  PRIMARY KEY (`id_Commande_Fournisseur`,`id_Magasin`),
  KEY `id_Magasin` (`id_Magasin`),
  CONSTRAINT `livraisons magasins fournisseurs_ibfk_1` FOREIGN KEY (`id_Commande_Fournisseur`) REFERENCES `commandes fournisseurs` (`id_Commande_Fournisseur`),
  CONSTRAINT `livraisons magasins fournisseurs_ibfk_2` FOREIGN KEY (`id_Magasin`) REFERENCES `magasins` (`id_Magasin`)
) ENGINE=InnoDB DEFAULT CHARSET=utf8mb4 COLLATE=utf8mb4_0900_ai_ci;
/*!40101 SET character_set_client = @saved_cs_client */;

--
-- Dumping data for table `livraisons magasins fournisseurs`
--

LOCK TABLES `livraisons magasins fournisseurs` WRITE;
/*!40000 ALTER TABLE `livraisons magasins fournisseurs` DISABLE KEYS */;
INSERT INTO `livraisons magasins fournisseurs` VALUES (1,1),(6,1),(11,1),(16,1),(21,1),(26,1),(31,1),(36,1),(41,1),(46,1),(51,1),(56,1),(61,1),(66,1),(71,1),(76,1),(81,1),(86,1),(91,1),(96,1),(101,1),(2,2),(7,2),(12,2),(17,2),(22,2),(27,2),(32,2),(37,2),(42,2),(47,2),(52,2),(57,2),(62,2),(67,2),(72,2),(77,2),(82,2),(87,2),(92,2),(97,2),(102,2),(3,3),(8,3),(13,3),(18,3),(23,3),(28,3),(33,3),(38,3),(43,3),(48,3),(53,3),(58,3),(63,3),(68,3),(73,3),(78,3),(83,3),(88,3),(93,3),(98,3),(103,3),(4,4),(9,4),(14,4),(19,4),(24,4),(29,4),(34,4),(39,4),(44,4),(49,4),(54,4),(59,4),(64,4),(69,4),(74,4),(79,4),(84,4),(89,4),(94,4),(99,4),(104,4),(5,5),(10,5),(15,5),(20,5),(25,5),(30,5),(35,5),(40,5),(45,5),(50,5),(55,5),(60,5),(65,5),(70,5),(75,5),(80,5),(85,5),(90,5),(95,5),(100,5),(105,5);
/*!40000 ALTER TABLE `livraisons magasins fournisseurs` ENABLE KEYS */;
UNLOCK TABLES;

--
-- Table structure for table `magasins`
--

DROP TABLE IF EXISTS `magasins`;
/*!40101 SET @saved_cs_client     = @@character_set_client */;
/*!50503 SET character_set_client = utf8mb4 */;
CREATE TABLE `magasins` (
  `id_Magasin` int NOT NULL AUTO_INCREMENT,
  `nom_Magasin` varchar(90) NOT NULL,
  `adresse_Magasin` varchar(90) NOT NULL,
  `tel_Magasin` varchar(20) DEFAULT NULL,
  `email_Magasin` varchar(90) DEFAULT NULL,
  `siteweb_Magasin` varchar(90) DEFAULT NULL,
  PRIMARY KEY (`id_Magasin`)
) ENGINE=InnoDB AUTO_INCREMENT=6 DEFAULT CHARSET=utf8mb4 COLLATE=utf8mb4_0900_ai_ci;
/*!40101 SET character_set_client = @saved_cs_client */;

--
-- Dumping data for table `magasins`
--

LOCK TABLES `magasins` WRITE;
/*!40000 ALTER TABLE `magasins` DISABLE KEYS */;
INSERT INTO `magasins` VALUES (1,'LEGOCHISTES','Grande Rue 14, 1347 Le Sentier, Suisse','021 954 32 12','info@LEMECS.ch','LEMECS.ch'),(2,'OGEL','Route de Zurich 42, Payerne, Suisse','025 666 42 69','info@OGEL.com','OGEL.com'),(3,'Let\'s Lego','Avenue de la paillarde 69, Louhans, France','021 123 56 78','letslego@letslego.fr','letsgolego.fr'),(4,'PasPlaymobil','Chemin de l\'inconnu 00, La Dôle, Suisse','025 666 42 69',NULL,NULL),(5,'PlayGO','Rue d\'Arkham 15, Gotham','021 258 19 74','joker@playgo.org','PlayGo.org');
/*!40000 ALTER TABLE `magasins` ENABLE KEYS */;
UNLOCK TABLES;

--
-- Table structure for table `stock`
--

DROP TABLE IF EXISTS `stock`;
/*!40101 SET @saved_cs_client     = @@character_set_client */;
/*!50503 SET character_set_client = utf8mb4 */;
CREATE TABLE `stock` (
  `id_Magasin` int NOT NULL,
  `id_LEGO_Set` int NOT NULL,
  `quantite_Stock` int NOT NULL,
  `prix_Stock` decimal(6,2) NOT NULL,
  PRIMARY KEY (`id_Magasin`,`id_LEGO_Set`),
  KEY `id_LEGO_Set` (`id_LEGO_Set`),
  CONSTRAINT `stock_ibfk_1` FOREIGN KEY (`id_Magasin`) REFERENCES `magasins` (`id_Magasin`),
  CONSTRAINT `stock_ibfk_2` FOREIGN KEY (`id_LEGO_Set`) REFERENCES `lego_sets` (`id_LEGO_Set`)
) ENGINE=InnoDB DEFAULT CHARSET=utf8mb4 COLLATE=utf8mb4_0900_ai_ci;
/*!40101 SET character_set_client = @saved_cs_client */;

--
-- Dumping data for table `stock`
--

LOCK TABLES `stock` WRITE;
/*!40000 ALTER TABLE `stock` DISABLE KEYS */;
INSERT INTO `stock` VALUES (1,2254,1,86.99),(1,2504,10,1599.00),(1,2508,15,2999.85),(1,2516,4,71.64),(1,3177,7,244.30),(1,3180,8,1191.92),(1,3221,11,2672.89),(1,3367,10,794.20),(1,7978,14,2099.86),(1,7984,6,916.62),(1,10776,3,149.97),(1,30161,8,102.80),(1,30301,7,104.93),(1,30392,15,119.85),(1,75947,13,708.37),(1,75956,13,584.87),(1,75967,8,383.04),(1,76038,4,1599.96),(1,76064,4,159.96),(1,76066,5,378.00),(1,76113,9,224.91),(2,2254,1,86.99),(2,2504,14,2238.60),(2,2508,5,999.95),(2,2516,8,143.28),(2,3177,10,349.00),(2,3180,10,1489.90),(2,3221,2,485.98),(2,3367,14,1111.88),(2,7978,10,1499.90),(2,7984,14,2138.78),(2,10776,6,299.94),(2,30161,6,77.10),(2,30301,14,209.86),(2,30392,14,111.86),(2,75947,11,599.39),(2,75956,12,539.88),(2,75967,5,239.40),(2,76038,14,5599.86),(2,76064,8,319.92),(2,76066,4,302.40),(2,76113,12,299.88),(3,2254,15,1304.85),(3,2504,10,1599.00),(3,2508,1,199.99),(3,2516,3,53.73),(3,3177,13,453.70),(3,3180,15,2234.85),(3,3221,13,3158.87),(3,3367,14,1111.88),(3,7978,4,599.96),(3,7984,6,916.62),(3,10776,2,99.98),(3,30161,6,77.10),(3,30301,12,179.88),(3,30392,11,87.89),(3,75947,10,544.90),(3,75956,8,359.92),(3,75967,5,239.40),(3,76038,15,5999.85),(3,76064,3,119.97),(3,76066,15,1134.00),(3,76113,4,99.96),(4,2254,9,782.91),(4,2504,7,1119.30),(4,2508,14,2799.86),(4,2516,11,197.01),(4,3177,11,383.90),(4,3180,8,1191.92),(4,3221,10,2429.90),(4,3367,3,238.26),(4,7978,1,149.99),(4,7984,5,763.85),(4,10776,4,199.96),(4,30161,10,128.50),(4,30301,1,14.99),(4,30392,1,7.99),(4,75947,4,217.96),(4,75956,4,179.96),(4,75967,13,622.44),(4,76038,5,1999.95),(4,76064,14,559.86),(4,76066,1,75.60),(4,76113,5,124.95),(5,2254,15,1304.85),(5,2504,5,799.50),(5,2508,7,1399.93),(5,2516,4,71.64),(5,3177,1,34.90),(5,3180,11,1638.89),(5,3221,11,2672.89),(5,3367,8,635.36),(5,7978,12,1799.88),(5,7984,9,1374.93),(5,10776,11,549.89),(5,30161,11,141.35),(5,30301,11,164.89),(5,30392,8,63.92),(5,75947,13,708.37),(5,75956,12,539.88),(5,75967,14,670.32),(5,76038,7,2799.93),(5,76064,11,439.89),(5,76066,8,604.80),(5,76113,3,74.97);
/*!40000 ALTER TABLE `stock` ENABLE KEYS */;
UNLOCK TABLES;
/*!40103 SET TIME_ZONE=@OLD_TIME_ZONE */;

/*!40101 SET SQL_MODE=@OLD_SQL_MODE */;
/*!40014 SET FOREIGN_KEY_CHECKS=@OLD_FOREIGN_KEY_CHECKS */;
/*!40014 SET UNIQUE_CHECKS=@OLD_UNIQUE_CHECKS */;
/*!40101 SET CHARACTER_SET_CLIENT=@OLD_CHARACTER_SET_CLIENT */;
/*!40101 SET CHARACTER_SET_RESULTS=@OLD_CHARACTER_SET_RESULTS */;
/*!40101 SET COLLATION_CONNECTION=@OLD_COLLATION_CONNECTION */;
/*!40111 SET SQL_NOTES=@OLD_SQL_NOTES */;

-- Dump completed on 2022-06-07 21:26:02
